MinTemp,MaxTemp,Rainfall,Evaporation,Sunshine,WindGustDir,WindGustSpeed,WindDir9am,WindDir3pm,WindSpeed9am,WindSpeed3pm,Humidity9am,Humidity3pm,Pressure9am,Pressure3pm,Cloud9am,Cloud3pm,Temp9am,Temp3pm,RainToday,RainTomorrow
18.5,19.7,22.4,30.4,0,ESE,39,ENE,E,19,17,92,91,1010.1,1010.3,8,8,18.9,18.6,Yes,Yes
23.7,36.3,2.2,43,10.3,ENE,52,NE,NW,35,15,56,33,1010.9,1006.4,4,7,26.5,34.1,Yes,Yes
18.4,27.5,0,10.4,7.3,SSW,39,NE,W,13,15,75,62,1017.6,1014.9,7,6,19.7,24.4,No,Yes
19.4,31.8,0.2,36.4,7.7,WSW,50,N,SSW,28,15,60,64,1020,1016.3,1,7,25.6,25.2,No,Yes
20.2,25.6,0,5,12,N,30,WNW,WNW,15,17,73,64,1005.7,1004.2,1,1,23.4,24.7,No,Yes
18.7,25.1,0,6.2,8,SSE,28,SE,SE,11,15,84,74,1011.1,1010,3,4,22.9,24.7,No,Yes
19.6,25.2,3.6,4,7.7,SE,37,ESE,SE,22,24,67,70,1013.1,1011.3,3,3,22.9,23.7,Yes,Yes
19.6,24.5,1.8,5.8,0.3,NE,50,NE,ENE,9,28,92,88,1012.5,1011.5,8,8,22.8,24.1,Yes,Yes
20,22,0.4,5,0,SE,41,ESE,ESE,22,22,92,98,1014.7,1012.9,7,8,20.6,20.6,No,Yes
18.4,25.1,0,5.6,12.1,SE,43,SE,SE,20,26,66,69,1016.2,1014.6,6,6,23.3,23,No,Yes
19.8,26.2,5.8,6.2,6.8,SSE,46,E,E,24,30,88,80,1014.6,1013.9,7,7,24,25.1,Yes,Yes
21.2,26.4,0.6,3.4,7.3,ENE,31,NNE,ENE,15,17,78,74,1014,1012.8,7,7,24.4,25.3,No,Yes
21.7,25,26.6,6.4,0.1,NE,31,E,N,9,7,96,86,1013,1012.2,8,7,21.9,23.2,Yes,Yes
22.6,27.9,0,5.2,5.2,NNE,28,NNE,NNE,15,13,79,76,1014.8,1012.5,7,7,25.4,25.9,No,Yes
23.5,27.1,3.8,3,1.9,NE,39,N,NNE,11,17,86,80,1013.5,1011.8,7,8,24.6,25.5,Yes,Yes
21.2,26.1,37.2,7,0.6,N,39,N,NNE,17,15,85,91,1010.6,1008.1,7,8,25.5,24.6,Yes,Yes
22.9,26.2,0,4.2,10.8,W,48,WNW,W,24,31,78,80,1003.2,1001.5,3,4,25,25,No,Yes
22,26.3,0.4,5.4,11.9,W,41,WSW,WSW,20,19,88,73,1003.2,1002.1,6,4,23.6,25.6,No,Yes
20.7,26.1,1.4,5.4,8.2,E,41,ESE,ESE,20,22,87,85,1006,1005.7,7,6,23.8,23.9,Yes,Yes
21.9,26,0.4,5.2,6.4,E,54,E,E,22,30,82,84,1012.2,1009.9,6,7,24.4,24.9,No,Yes
22.6,24.2,2.6,4.6,0,E,57,E,E,31,30,85,89,1010.6,1008.6,8,8,23.7,24.1,Yes,Yes
22.9,24.2,2.4,2,0,E,56,E,ENE,33,33,91,98,1007.7,1005.7,8,8,23.6,23.7,Yes,Yes
22.9,25.3,43.8,5.4,0,ENE,56,ENE,ENE,33,17,96,95,1007.9,1006.8,8,8,23.7,24,Yes,Yes
23.3,26.1,6.6,1.8,1.5,NNE,52,NE,NE,19,24,84,88,1007.9,1006,7,8,25,23.4,Yes,Yes
22.7,27.3,15.2,3.6,4.1,NNW,48,NNE,NW,24,19,88,83,1005,1004.1,7,7,25,25.6,Yes,Yes
22.4,25.8,7,3.8,0.3,SE,22,SE,SE,13,9,92,89,1008.4,1007.9,8,7,23.5,24.3,Yes,Yes
22.3,25.3,4.2,1.6,1.6,ESE,33,ESE,SE,13,15,92,86,1013.9,1013.5,8,7,22.8,24.3,Yes,Yes
22.4,25.9,0,4.8,7.3,ESE,44,ESE,ESE,22,24,76,71,1019.4,1017.8,4,5,25.3,24.9,No,Yes
21.6,24.4,1.4,4.8,2.3,SE,43,SE,SE,28,26,75,88,1018.9,1016.2,7,7,22.7,21.6,Yes,Yes
22.1,24.8,0,5.8,1.5,E,85,ESE,ESE,31,35,78,79,1012.3,1007.5,7,8,23,23,No,Yes
23.1,26.5,0,4,0.5,NE,48,NE,NE,20,20,89,91,1015.2,1014.2,8,8,24.5,23.7,No,Yes
22.6,27,1,4.8,4.6,N,44,NNE,WNW,20,13,88,78,1015.8,1014.2,7,7,24.6,25.6,No,Yes
22.1,24.8,3.8,3.6,0,SSE,33,W,SW,6,9,90,90,1016.9,1015.6,8,8,22.9,22.9,Yes,Yes
20.5,26.8,0.6,6.4,6.5,E,52,E,ENE,26,31,73,78,1021.3,1019.2,6,7,25.3,24.4,No,Yes
19.8,24.4,3,6.2,0.3,E,44,ENE,ENE,26,22,98,76,1018.6,1015.8,8,8,20.4,22.8,Yes,Yes
20.1,25.1,2.2,2.4,4.1,E,46,E,E,24,28,81,80,1015.5,1013.8,6,7,23.6,22.8,Yes,Yes
21.6,25.8,0,5.6,2.2,E,44,ENE,ENE,22,22,77,84,1011.7,1009.2,7,8,24.6,23.5,No,Yes
21.5,25.2,0,4,0.9,E,33,E,E,13,24,92,85,1017.7,1015.5,8,7,22.9,24,No,Yes
23.1,27.3,0,2.8,8.4,NNE,37,NNE,NNW,28,11,83,74,1017.1,1015.9,5,5,24.6,26.2,No,Yes
21.5,26.5,3.8,4.4,4.6,ENE,20,SSE,ESE,9,7,91,91,1019.2,1017.7,7,7,23.4,23.8,Yes,Yes
20.7,26.3,3.8,3.2,8.9,ENE,28,ENE,NE,17,15,80,74,1019.3,1017,3,4,24.6,25,Yes,Yes
20.3,24,23.6,7.4,0.9,SE,39,ESE,SE,13,22,92,82,1017.2,1014.8,7,7,22.1,21.8,Yes,Yes
17.6,25.4,0.4,3,3.4,ENE,28,NE,S,11,9,82,93,1019.8,1018.3,7,7,22.1,21.5,No,Yes
19,24.6,0,4.2,8.6,SE,35,SSE,S,20,17,83,75,1014.6,1011.7,3,2,21.7,23.2,No,Yes
19.4,23.4,1.4,2.6,7.6,SSE,37,SE,SE,20,19,88,70,1015.1,1013.1,7,1,19.7,22.9,Yes,Yes
20.1,24.7,0,4,4.1,ENE,50,ESE,ESE,17,22,78,86,1021.9,1019.8,6,8,22.7,21.5,No,Yes
16.5,24.1,0,5.4,5.8,ENE,31,ESE,ENE,15,19,68,87,1017.8,1014.7,7,7,22.2,21.9,No,Yes
20.3,25.6,2.4,1.4,5.2,NNW,39,NNW,WNW,15,15,90,85,1013.6,1011.5,7,7,22.7,23.6,Yes,Yes
18.3,23.7,7.4,3.4,6.6,ESE,56,ESE,ESE,17,20,83,73,1016.4,1015.8,5,4,21.9,22.8,Yes,Yes
20.2,24.6,0,8,0,SE,44,SSE,SE,20,22,63,84,1015.2,1014.7,8,8,22.2,19.9,No,Yes
18.6,23.6,15,6.4,0.7,ESE,46,ESE,ESE,6,7,86,89,1016.8,1016.3,8,8,18.8,19.1,Yes,Yes
17.8,20.3,34.2,0,0,ESE,54,SE,SE,26,26,87,87,1016.5,1014.6,8,8,19.1,19.5,Yes,Yes
17.4,18.6,51.4,8,0,SE,48,SE,SSE,19,20,92,91,1012.3,1011.6,8,8,18.2,17.9,Yes,Yes
14.3,21.7,34,12.2,2.7,S,54,W,S,19,22,92,71,1024.4,1024,8,7,14.5,19.4,Yes,Yes
23.6,33.5,0,11.6,6.9,SW,61,SW,ENE,4,20,66,48,1010.5,1007.4,5,4,26.2,32.3,No,Yes
22.8,29.2,30.6,10.4,1.4,NE,30,SSW,E,7,13,85,76,1011,1006.4,7,7,24.9,25.7,Yes,Yes
22.4,28.1,0,5,8.2,NW,65,NNE,ESE,11,6,72,86,1003.3,1001.9,3,7,26.3,23.2,No,Yes
19.5,28.7,9,3,3,ESE,70,W,ESE,17,17,84,62,1004.9,1002.7,8,7,22.4,28.1,Yes,Yes
21.8,26.5,0.2,8,7.4,SSE,43,NNW,SE,2,15,42,52,1004.2,1001.1,5,4,26,25.5,No,Yes
19.3,28.3,0,7.6,10.7,SSE,43,W,E,4,26,67,59,1003.6,1002.2,5,4,23.4,27.7,No,Yes
19.1,24.8,10.8,7.6,0.8,S,59,SSW,S,24,33,87,55,1012,1012.8,8,7,19.7,23.5,Yes,Yes
19.6,26.1,3.6,9.6,6.8,SSE,56,S,SSE,31,39,59,56,1017.4,1017.6,6,5,22,23.9,Yes,Yes
23.1,29.3,0,9.4,5.9,S,52,SSW,S,24,26,75,52,1017.7,1018.2,7,5,24.6,28.8,No,Yes
21.4,27,6,8.2,4.8,E,37,S,ESE,9,13,89,67,1025.4,1024.6,6,4,21.9,26.6,Yes,Yes
21.8,30.7,0,7.2,4.9,SSW,41,WNW,SE,9,20,84,54,1016.3,1014.3,7,6,22.9,29.9,No,Yes
19.9,25.6,16.8,7,4.5,SSW,44,SW,S,11,26,89,66,1019.5,1018.6,7,6,20.2,24.3,Yes,Yes
19.7,26.2,23,6,7.6,ESE,39,S,SSW,9,20,88,58,1019.7,1018,8,4,20.7,25.4,Yes,Yes
19.6,28.2,3.4,5.6,4.4,SSW,52,NNE,NNE,11,13,71,67,1003.6,997.6,7,7,23.4,26.4,Yes,Yes
17.4,22,0.2,7.8,3.4,S,52,SSW,S,15,20,63,81,1017.5,1016.8,7,8,18.6,18.1,No,Yes
15.4,21.2,61.2,5.8,2.7,S,43,WSW,SSW,19,24,91,65,1018.8,1016.5,8,7,15.6,20.7,Yes,Yes
14.3,23.8,25.4,2.8,6.9,S,50,W,S,20,19,74,63,1017.5,1015.5,3,7,17.1,21.5,Yes,Yes
19.3,24.2,0.2,4,5.7,ESE,41,S,E,9,20,83,63,1018.2,1017,5,6,22.2,23,No,Yes
20.6,23.3,0,4,0,SSW,37,SSW,SSW,13,19,84,84,1017.5,1016,7,8,21.2,21.1,No,Yes
19,28.7,7,1.4,7.5,WNW,30,W,NW,17,7,81,31,1015,1012,1,6,20.5,26.8,Yes,Yes
19.5,25.2,0,6.8,6.7,SSE,35,SSW,ESE,17,19,74,64,1024.6,1022.1,6,2,21.2,23.3,No,Yes
18.7,23.5,94.4,3.4,0.8,ENE,33,SE,ESE,6,17,91,71,1023.2,1019.6,8,7,19.5,23.3,Yes,Yes
16.1,26.5,0,6.4,9.4,WSW,31,WNW,SE,15,19,51,46,1017.5,1016.4,3,6,19.6,24.1,No,Yes
19.1,23.2,0,4.6,3.2,SSW,43,SSW,SSE,15,17,73,77,1022.1,1020.4,7,7,20.1,20.5,No,Yes
15.1,24.2,2,3,7.6,SSE,37,W,SSE,17,17,75,68,1021.8,1019.2,6,7,18.9,21.2,Yes,Yes
16.9,23.9,15,5,6.9,W,24,W,ESE,13,17,83,68,1021.7,1020.1,3,7,19.5,22.2,Yes,Yes
17.1,25.9,0,4,7.1,SSW,44,WNW,S,13,24,70,69,1020.1,1019.1,1,7,20.2,21.8,No,Yes
16.2,20.2,6.6,3.4,1.3,SSW,52,SSW,SSW,22,17,83,85,1024.2,1024.5,7,6,16.8,16.5,Yes,Yes
18.8,26.5,0,3.4,4.5,N,33,NE,WNW,4,9,74,54,1018.7,1015.6,8,6,20.5,26,No,Yes
15.3,20.8,0,1.4,0,WNW,22,W,E,11,9,86,74,1018.5,1013.8,7,7,18.2,20.5,No,Yes
9.8,14.8,0,5.6,2.1,W,39,NNW,W,9,13,63,70,1007.2,1006,6,6,12.9,14.3,No,Yes
8.7,17.5,0,2.2,1.7,SE,35,W,SE,17,6,76,87,1029.6,1027.2,7,7,11,15.8,No,Yes
11.7,18.3,0.2,2.4,1.3,WSW,28,WNW,S,11,11,78,73,1025.4,1021.6,7,7,13.3,18.3,No,Yes
12.7,19.3,0,3.6,1.4,NNW,30,NNW,N,20,17,53,60,1017.7,1014.6,6,7,17.4,18.7,No,Yes
14.5,19.5,0.4,0.8,0,NNE,52,W,ESE,13,20,81,89,1017.2,1010.4,7,8,15.2,16.7,No,Yes
7.4,11.7,0,2.2,0,W,46,W,SW,26,9,74,74,1015.3,1013.6,8,8,9.3,11,No,Yes
6.4,15.6,0,3.4,7.5,W,22,WNW,SE,13,6,77,58,1020.8,1016.2,5,7,7.6,14.4,No,Yes
9.5,17.7,0.2,4.4,4.8,W,61,WNW,WSW,22,31,54,47,1004,1003,6,6,12.9,15.9,No,Yes
12.9,17.2,29.4,6.4,1.6,S,50,S,WSW,19,22,85,86,1015.4,1016.5,7,7,14.9,14.6,Yes,Yes
16.5,16.9,17,2.4,0,SW,35,S,WSW,9,13,91,90,1019.7,1018.4,8,8,16.7,16.2,Yes,Yes
13.1,25.7,0,0.2,7.4,NNW,52,NNW,NW,30,30,66,44,1009.1,1001,6,4,19.3,25.1,No,Yes
11.5,15.8,0.4,1,0.9,SE,54,W,S,15,24,76,77,1013.7,1013.9,7,8,12.8,13.2,No,Yes
10.7,14.6,24.8,2.6,0.2,S,63,SE,SSE,31,24,77,89,1018,1017.7,8,8,13.6,12.6,Yes,Yes
9.7,16.2,4,3.2,2.7,SW,35,W,SSW,20,17,90,67,1030.4,1028.3,6,6,11.2,14.7,Yes,Yes
9.5,13.8,0,3,0.2,W,35,WNW,W,15,24,66,67,1016.8,1015,7,7,11.4,12.2,No,Yes
8.5,18.4,1.8,0.6,6.8,SSE,37,WNW,SSW,19,20,69,57,1014.4,1013.5,1,7,11.9,15.4,Yes,Yes
11.8,14.7,2.4,3.2,0,S,43,SSE,ESE,11,9,79,90,1013.3,1007.5,8,8,13.4,13.7,Yes,Yes
7.3,17.3,0,4.6,7.8,W,43,W,S,20,20,57,50,1018.7,1017.6,7,7,10.4,16.4,No,Yes
12.1,22.5,0,4.6,9.2,NE,28,W,NE,11,15,63,46,1020.3,1015.3,2,3,16.9,20.7,No,Yes
14.5,18,14.4,6.2,0,NE,31,SSE,SSE,6,9,90,91,1011.6,1006,8,8,15.7,15.9,Yes,Yes
14.7,22.7,0,5,8.9,NNE,52,ENE,NE,6,22,61,60,1021.9,1015.9,6,4,19.5,21.2,No,Yes
16,20.2,0,5.6,1.5,SSW,30,SSW,S,15,9,73,69,1021.4,1017.8,8,7,17.5,18.9,No,Yes
14.2,17.8,0,6.6,0,WSW,30,W,W,17,6,66,79,1012.6,1005.7,8,8,14.9,15.1,No,Yes
14,21.2,0,4.8,2.9,N,31,W,NE,9,15,61,78,1012.5,1007.5,7,8,16,16.8,No,Yes
12.5,22.3,0,4.8,10.1,W,30,WNW,ESE,13,17,55,63,1012.6,1007.9,1,1,18.4,20.6,No,Yes
13.6,22.1,3.4,5.2,2.1,WSW,41,W,SE,15,15,74,75,1006.7,1006.1,7,7,15.5,16.3,Yes,Yes
10.2,21.3,0,7.2,11.4,W,35,WNW,E,17,17,46,42,1014.7,1011.3,1,1,16.2,19.6,No,Yes
10.7,23.6,0,6.6,9.3,WSW,39,W,E,26,24,45,32,1016.5,1012.5,1,5,14.3,20.7,No,Yes
15.3,25.2,0,7.4,8.4,NNE,46,NNW,NE,20,26,55,55,1018.9,1012.8,5,7,21.5,23.3,No,Yes
18.4,21.7,0,8,6.2,SE,41,SSE,SSE,20,26,65,63,1015.9,1015.7,4,7,20.8,19.9,No,Yes
14.7,19.6,1.4,4.6,0.5,SSE,30,W,ESE,19,7,73,57,1020.6,1018.5,8,8,15.4,19.1,Yes,Yes
18.2,25.5,0.2,7,4.6,NW,50,NE,ENE,9,11,65,61,1013.7,1006.5,7,8,23,25.3,No,Yes
21.2,28.3,0,11,4.1,S,54,SE,SSE,6,24,25,57,1007.3,1007.1,7,7,26.8,24.7,No,Yes
17.8,22.7,2,5.2,2.5,SSW,37,S,SSE,13,19,72,67,1013.3,1009.8,7,7,20.1,21.3,Yes,Yes
17.8,24.3,0,7,11.1,E,33,SSW,ESE,9,20,68,59,1012.9,1009.9,5,1,20.2,22.6,No,Yes
22.1,29.9,0.4,7.6,2.9,SSW,59,NE,E,13,17,71,65,1009.6,1005.9,7,7,26.1,27.1,No,Yes
20.4,23.6,3.2,7,0,S,33,W,NE,15,7,86,83,1012.4,1010.6,8,8,20.6,22.2,Yes,Yes
27.1,37.2,0,13.4,2.5,WSW,57,NW,WSW,24,33,23,16,1008.5,1007,7,7,32.4,34.1,No,Yes
17.4,19.1,8.2,8.8,0,SSE,46,SE,SSE,17,15,88,81,1017.2,1017.4,8,8,17.7,17.7,Yes,Yes
17.2,25.4,32.6,1,0,ESE,30,SSE,ESE,17,4,89,86,1013.3,1009.3,8,8,18.8,20.2,Yes,Yes
19.8,27.2,0,9.4,4.3,NNW,44,WNW,ENE,9,20,66,55,1015.7,1013.8,7,7,23.2,26.3,No,Yes
19.9,24.3,0,8,0,SE,56,SSE,SSE,26,30,65,75,1015.2,1014.5,8,8,22.2,22.5,No,Yes
20.2,25.4,3.6,6.4,0.7,ESE,48,E,NE,13,20,85,94,1016.9,1016.5,8,8,20.7,18.7,Yes,Yes
17.6,21,51.2,0,0,ESE,54,ESE,SE,24,31,83,91,1016.9,1014.9,8,8,19.4,19.9,Yes,Yes
17.2,19.2,35.6,8,0,S,63,SSE,SSE,28,31,94,93,1012.4,1011.7,8,8,18.5,18.1,Yes,Yes
14.3,20.4,27.4,12.2,2.7,S,69,WSW,SSE,19,39,92,74,1024.6,1024.1,8,7,14.5,19.4,Yes,Yes
23.4,37.8,0,11.6,6.9,SW,65,NNW,ENE,7,30,58,32,1010.4,1006.8,5,4,28.1,36.7,No,Yes
22.7,26.9,22.8,10.4,1.4,SSE,43,SSW,ESE,19,17,90,81,1010.8,1006.1,7,7,24.2,25.8,Yes,Yes
21.1,25,0,4.6,0,NE,35,S,ENE,17,17,85,67,1014.5,1013.3,8,8,22.3,24.3,No,Yes
20.1,27.5,17.6,2.4,8.7,E,37,NW,E,9,22,88,56,1017.8,1017.2,8,4,21.5,26.6,Yes,Yes
20.2,26.4,3.6,9.8,0.5,NE,48,NNE,NNE,13,22,72,63,1016.2,1013.9,6,8,23.8,24.4,Yes,Yes
22.1,29.9,0,5,8.2,NNE,50,NNE,NE,19,20,69,91,1003.3,1001.7,3,7,26.6,22.1,No,Yes
19.7,26.3,6.2,3,3,WNW,67,SSW,SSE,13,20,87,86,1004.9,1003,8,7,22.7,24.4,Yes,Yes
20.6,24.8,0,8,7.4,S,48,SSW,SSE,15,17,76,54,1004.3,1001.1,5,4,21.9,24.1,No,Yes
19.9,31,0,7.6,10.7,S,50,WNW,ENE,11,31,57,43,1003.6,1001.9,5,4,25.2,29.8,No,Yes
19.1,23.7,8.2,7.6,0.8,S,74,SSW,S,37,54,88,60,1012,1012.7,8,7,20.5,23.3,Yes,Yes
22.9,27.9,0,9.4,5.9,SSW,59,SSW,S,37,31,80,77,1017.7,1018.3,7,5,23.7,25.3,No,Yes
21.6,29.9,0,7.2,4.9,SSW,48,WNW,S,9,26,82,86,1016.2,1014.6,7,6,23.7,24.2,No,Yes
19.5,23.9,29.8,7,4.5,SSW,54,SW,S,26,37,92,71,1019.4,1018.5,7,6,20.2,23.4,Yes,Yes
19.5,24,14.2,6,7.6,SSE,50,SE,S,22,31,80,72,1019.7,1018.1,8,4,21.3,23.7,Yes,Yes
17.5,21,0,7.8,3.4,SSW,52,SSW,SSE,30,26,65,93,1017.5,1016.8,7,8,18.2,17.8,No,Yes
15.4,20.3,42.4,5.8,2.7,S,52,WSW,S,11,37,93,80,1018.9,1016.5,8,7,15.4,19.7,Yes,Yes
14.4,21.3,20.8,2.8,6.9,SSW,57,SSW,SSW,31,39,78,66,1017.5,1015.6,3,7,17.5,21,Yes,Yes
19.7,25.5,0,4,5.7,SE,37,S,E,20,24,86,58,1018.3,1017,5,6,21.7,24.2,No,Yes
20.3,22,0,4,0,S,50,SSW,SSW,30,26,88,94,1017.4,1016,7,8,21,20.2,No,Yes
19.3,24.3,0.4,6.8,6.7,S,43,SSW,SE,24,17,77,65,1024.6,1022.1,6,2,21.4,23.4,No,Yes
18.4,24.3,19,3.4,0.8,N,41,E,SE,9,15,90,79,1023.1,1019.6,8,7,19.7,22.1,Yes,Yes
14.7,24.1,0,6.4,9.4,WSW,41,WSW,SE,26,22,44,54,1017.4,1016.5,3,6,21,23.1,No,Yes
18.8,21.7,0.4,4.6,3.2,S,52,SSW,S,28,31,81,74,1022.1,1020.5,7,7,19.8,20.6,No,Yes
14.7,22.1,2.4,3,7.6,S,43,SSW,S,19,30,80,84,1021.8,1019.2,6,7,19,19.6,Yes,Yes
17.4,23.4,0,4,7.1,SSW,50,WSW,S,11,31,67,80,1019.9,1019.1,1,7,21.5,21.1,No,Yes
16.5,21,4,3.4,1.3,SSW,67,SSW,SSW,39,43,83,87,1024.2,1024.4,7,6,18,17.4,Yes,Yes
18.8,26.9,0,3.4,4.5,N,37,N,NNW,11,9,73,52,1018.4,1015.5,8,6,21.3,26.6,No,Yes
16.2,21.8,0,1.4,0,NW,22,NW,NNE,11,6,82,71,1018.4,1013.7,7,7,18.5,21.6,No,Yes
8.9,15.2,0,5.6,2.1,NW,35,WNW,WNW,9,13,65,76,1007.2,1006.2,6,6,11.2,13.7,No,Yes
7.4,18,0,2.6,9.5,WSW,39,NW,S,19,17,52,46,1025.4,1024.2,1,1,11.7,16.7,No,Yes
8.8,16.5,3.8,2.2,1.7,SSW,39,NNW,E,13,15,85,86,1029.5,1027.4,7,7,12.4,15.6,Yes,Yes
11.8,18.8,0,2.4,1.3,ESE,46,SSE,S,2,17,79,81,1025.2,1021.6,7,7,14.6,17.2,No,Yes
11.4,20.5,0,3.6,1.4,N,37,NW,N,17,24,52,55,1017.5,1014.1,6,7,17.1,19.8,No,Yes
14.4,20.4,0.2,0.8,0,NNE,70,SSW,E,20,24,87,90,1017.2,1010.5,7,8,15.8,16.7,No,Yes
8,11.6,0,2.2,0,WSW,48,WNW,SW,28,20,71,76,1015.5,1013.6,8,8,9.3,11.1,No,Yes
6.3,15.8,0,3.4,7.5,NW,26,NW,NNW,19,6,68,47,1020.8,1016.1,5,7,9.4,15,No,Yes
9.7,18.4,0.2,4.4,4.8,WSW,69,NW,W,28,37,47,46,1003.9,1003,6,6,13.5,15.8,No,Yes
12.8,17.2,35.2,6.4,1.6,SW,69,S,SW,44,31,74,93,1014.9,1016.2,7,7,16.4,14.3,Yes,Yes
8.8,16.7,21.8,0.6,5.2,S,35,WSW,S,13,15,82,74,1023.3,1022.2,3,5,12.3,16.1,Yes,Yes
15.9,16.8,11.2,2.4,0,SSE,54,S,SW,24,15,98,94,1019.7,1018.2,8,8,16.1,16.2,Yes,Yes
12.1,27,0.8,0.2,7.4,NW,59,N,NNW,24,31,64,42,1008.6,1000.5,6,4,19.6,26.6,No,Yes
11.5,15.2,1,1,0.9,SSW,57,W,SSW,15,35,73,86,1013.8,1013.9,7,8,13.7,12.6,No,Yes
10.5,15,16,2.6,0.2,S,74,S,S,28,30,84,86,1018.2,1017.8,8,8,13.4,13.3,Yes,Yes
10.1,14.5,7,3.2,2.7,SSW,46,WSW,SSW,22,30,91,79,1030.5,1028.2,6,6,11.5,13.8,Yes,Yes
9.5,15.6,0,3,0.2,WSW,52,NW,WNW,11,20,57,72,1016.9,1015.2,7,7,12.6,12.1,No,Yes
8.2,16.1,2.4,0.6,6.8,SSW,48,WNW,SSW,20,31,62,66,1014.2,1013.4,1,7,13.5,14.9,Yes,Yes
12.2,14.5,3.6,3.2,0,S,61,SSW,SSE,24,13,83,96,1013.2,1007.8,8,8,13.1,13.1,Yes,Yes
7,15.4,0,4.6,7.8,SSW,50,WSW,S,20,28,57,57,1018.8,1017.5,7,7,10.9,14.8,No,Yes
12.1,23.2,0,4.6,9.2,ENE,37,WNW,E,11,22,60,46,1020.2,1015.1,2,3,17.8,20.9,No,Yes
14.5,19.1,11.6,6.2,0,NNE,37,S,S,17,19,98,97,1011.5,1006.1,8,8,15.4,15.4,Yes,Yes
15.3,24.8,0,5,8.9,NE,59,SSW,NE,2,35,56,57,1021.8,1015.6,6,4,20.7,22.5,No,Yes
16.1,19.4,0,5.6,1.5,SSW,39,SSW,S,20,17,80,78,1021.4,1017.9,8,7,16.9,18,No,Yes
14.1,18.1,0,6.6,0,W,28,W,NNW,13,9,58,87,1012.4,1005.8,8,8,15.4,15.3,No,Yes
12.8,19.7,1,4,4.1,WSW,52,WSW,W,20,24,55,64,1007,1006,3,7,17.5,17.3,No,Yes
12.5,22.2,0,4.8,10.1,WNW,28,SW,E,9,19,63,61,1012.6,1007.7,1,1,18.2,20.9,No,Yes
14.2,20.8,4.2,5.2,2.1,S,41,NW,SSW,13,28,64,69,1006.4,1006.2,7,7,17.9,16.6,Yes,Yes
9.4,20.1,0,7.2,11.4,WSW,41,WNW,ESE,11,17,43,39,1014.5,1011.2,1,1,17.1,19.5,No,Yes
17.1,34.3,0,8.4,6.6,WSW,76,N,SSW,26,30,31,24,1007.3,1004.5,6,7,26.8,31.8,No,Yes
9.7,23.3,0,6.6,9.3,WSW,39,W,E,22,22,41,32,1016.4,1012.4,1,5,14.9,19.6,No,Yes
18.7,19.3,0,11.8,2.4,W,50,WSW,NW,35,20,54,77,1006.3,1008.5,7,7,18.8,15.3,No,Yes
15.8,27.1,0,7.4,8.4,NW,56,N,NE,24,35,58,55,1018.8,1012.4,5,7,20.7,23.9,No,Yes
15.6,17.6,14,8.4,4.1,WSW,52,S,S,22,37,93,80,1009.7,1010.2,7,7,16.1,15.8,Yes,Yes
14.7,20.1,0.6,4.6,0.5,SSE,35,W,SE,11,9,72,58,1020.6,1018.5,8,8,16.6,18.5,No,Yes
18.6,22.4,0,11,4.1,S,61,S,SSE,22,30,56,84,1007.6,1007.5,7,7,22.1,20,No,Yes
17,20.5,2.8,5.2,2.5,S,46,SSW,SSE,20,19,84,82,1013.3,1010.1,7,7,18.9,19,Yes,Yes
17.7,24.1,0,7,11.1,SSW,39,S,ESE,24,20,75,56,1012.9,1009.9,5,1,20.2,23.4,No,Yes
19.7,29.2,0.8,10.4,5.9,SSW,52,NNE,SSE,9,30,67,86,1010.1,1008.6,4,8,23.9,21.1,No,Yes
19.2,28.1,0,8,9.3,ENE,46,NE,ENE,9,30,59,57,1015.9,1013,7,7,24.4,26.2,No,Yes
21.8,32.4,1.4,7.6,2.9,S,70,NNE,E,19,19,71,57,1009.4,1005.5,7,7,26.6,29.3,Yes,Yes
20,24.8,10,7,0,SSW,39,SSW,NNE,13,11,85,84,1012.2,1010.5,8,8,21.2,23.6,Yes,Yes
27.5,37.5,0,13.4,2.5,W,59,NNW,WSW,30,37,18,17,1008,1007.4,7,7,34.2,34.6,No,Yes
16.5,18.9,4.2,8.8,0,SE,44,SSE,SE,26,24,96,79,1017.4,1017.5,8,8,16.9,18.3,Yes,Yes
16.5,26,25,1,0,S,30,SSE,SW,20,11,94,94,1013.4,1009.4,8,8,18.3,18.9,Yes,Yes
21.5,36.6,0,8.4,8.8,SSE,65,ENE,SW,17,6,35,19,1013.2,1008.6,7,7,27.8,35.6,No,Yes
17.8,25,0,6,0,ENE,46,E,SE,20,17,57,45,1016.8,1014.6,7,7,20.7,23.6,No,Yes
16.7,21,2.2,6.2,0,ENE,41,E,ENE,11,19,78,82,1015.6,1014,7,8,18,18.9,Yes,Yes
26.7,32.2,0.4,15,1.4,W,56,NNW,SW,11,33,39,52,1011.5,1013.7,7,7,29.5,23.4,No,Yes
20.3,26,0.4,7.8,0.6,SW,26,ENE,NW,11,2,58,91,1009.1,1007.5,7,8,25.9,21.8,No,Yes
20,34.1,0,10.4,10.2,ENE,61,ENE,E,30,20,54,28,1015,1011.8,1,5,24.7,32.9,No,Yes
18.6,24.7,10.8,11.8,2.3,E,57,ESE,NE,17,22,93,64,1014.2,1011,8,7,18.7,23.8,Yes,Yes
18,31.8,7.8,3.8,7.3,NNE,35,E,WNW,11,11,77,44,1008,1003.4,7,3,20.9,29.3,Yes,Yes
10.9,29.1,0.2,7,9.1,WSW,54,ESE,E,13,13,74,29,1004,998.9,2,3,16.8,27.5,No,Yes
13.1,22.6,9.6,8.2,4.5,E,43,N,N,11,7,81,53,1004.7,1003.2,6,6,16.2,21.2,Yes,Yes
19.3,37.8,0,12,7.5,WNW,93,E,WSW,15,9,28,15,1019.2,1015.4,3,3,26.6,37.1,No,Yes
22.8,35.7,0,8,4.4,WNW,56,E,N,13,7,42,24,1018.9,1015.1,7,7,26.7,35.1,No,Yes
18.1,31.2,0,9.6,10.7,ENE,33,ENE,ENE,20,11,56,30,1015.4,1009.4,1,2,21.5,30.4,No,Yes
18.2,22,15,9,5.3,W,78,N,W,19,43,93,48,998.8,1001.4,8,7,19.9,19.6,Yes,Yes
17.7,26.7,0,5,2.5,WNW,59,E,NNE,13,11,44,37,1020.3,1017.5,7,7,21.8,24.6,No,Yes
10.3,25.8,0,4,7.1,SW,28,E,SSW,11,9,54,33,1022.4,1019.9,3,7,17.5,25,No,Yes
17.5,23.8,0,19.8,3.3,ESE,39,SSW,ESE,24,22,73,61,1014,1013.6,7,8,22.9,23.5,No,Yes
17.4,23.5,40.6,7,0.6,ESE,44,S,E,7,22,93,76,1015.8,1014.9,8,8,19.8,22.2,Yes,Yes
19.3,21.4,25.2,5.6,0,S,70,ESE,ESE,35,31,92,92,1014.3,1011.8,8,8,19.9,20.4,Yes,Yes
16.9,23.5,2.8,27.4,7.1,S,33,WSW,SSE,15,19,93,68,1024.9,1022.3,7,5,17.7,22.5,Yes,Yes
19.1,27.2,0,6.4,3.2,ENE,44,NE,E,19,30,69,63,1016.2,1013.5,7,7,23.2,25.1,No,Yes
16.5,29.6,0,7.8,12.3,SSE,31,NW,ESE,2,24,70,50,1004,1002.2,5,4,22.9,28.8,No,Yes
20.6,28.5,0,7,9.9,SSE,48,WSW,SSE,11,31,67,57,1008.5,1007.9,1,1,25.6,27.3,No,Yes
20.9,26.9,0,4.6,4.2,SSE,46,SSW,S,15,24,76,69,1017.9,1017.5,7,7,25.1,24.9,No,Yes
15.6,23,18.4,23,6.3,SSW,46,WSW,SSW,15,31,91,56,1017.5,1015.4,7,2,17.3,22.8,Yes,Yes
15.5,23.8,1.2,4.2,7.5,SSW,50,W,SE,19,26,83,67,1017.2,1014.9,7,4,17.3,21.5,Yes,Yes
18.5,25.5,0,5.8,1.7,SSW,37,NW,SSW,13,30,95,72,1017.2,1014.8,7,7,21.4,24.8,No,Yes
14.2,24.2,0,5.8,6.7,SSE,39,SSE,SSE,19,26,57,63,1022.1,1020.9,2,2,22.8,22.8,No,Yes
13.3,23,0,10,2.9,SE,63,WNW,WSW,11,13,87,97,1021.3,1020.1,7,8,18.8,17.4,No,Yes
16.5,18,0.8,17.6,1.1,S,54,SSW,SSW,20,31,73,79,1016.7,1020.8,8,8,16.8,13.9,No,Yes
13.3,33.5,0,13.8,7.6,SSE,31,S,S,9,13,77,30,1013.7,1009.2,7,6,18.8,32.6,No,Yes
16.5,23.7,0.6,2.8,2,SW,56,SSW,NNE,15,17,90,91,1010.8,1008.4,8,8,18.1,20.1,No,Yes
14.7,23.7,0,4.6,4.7,S,44,SSW,S,19,22,91,63,1015.2,1014.4,7,7,16,20.6,No,Yes
20.9,30.7,0.2,9.6,5.8,N,61,N,S,44,17,64,69,1004.3,1001.2,7,7,23.7,24.1,No,Yes
13,19.1,14.6,7.8,1,S,28,SSW,SSE,9,13,96,67,1003.4,1001.8,7,7,13.4,18.3,Yes,Yes
11,22.8,7.8,2.8,4.5,S,33,WSW,S,13,20,89,53,1006.6,1004.3,7,6,14.6,21.4,Yes,Yes
17,21.3,0.2,8.2,2.8,SSE,56,SW,S,20,28,95,72,1007.5,1010.8,8,7,17.2,18.6,No,Yes
17.8,20.2,2.4,3.8,0,SSW,26,S,SW,15,11,92,95,1021.5,1019.5,8,8,18.1,18.8,Yes,Yes
16.5,33.2,0,9,10.2,N,69,N,N,46,28,48,31,1012.7,1006.8,2,7,23.4,31.9,No,Yes
13.7,20.4,8.2,12,5.5,WSW,78,NNW,SW,11,46,94,40,997.6,1002.2,8,5,13.8,18.9,Yes,Yes
10.8,19.4,3,6.2,1.8,SSW,41,WSW,SSW,22,28,85,47,1014.5,1016.5,7,7,12.7,17.6,Yes,Yes
10.5,29.2,0,6.6,7.3,N,61,NNE,NNW,26,24,30,14,1013.4,1009.6,7,7,21.4,28.1,No,Yes
12.4,15.4,8,7.6,0.1,W,41,SW,WSW,17,26,95,82,1015.6,1016.8,8,7,12.4,14.5,Yes,Yes
12.4,20.7,0,5.6,3.3,SSW,39,WSW,S,9,28,74,80,1022.3,1021.9,6,8,16,15.3,No,Yes
19.8,24.8,0,10.2,0.1,N,54,N,SSW,24,19,35,70,1018.9,1019.4,7,7,21.1,18.5,No,Yes
15.8,19.1,0.8,2.4,0.4,N,52,N,NNE,22,15,75,86,1015.6,1013.6,8,7,17.3,16.5,No,Yes
15.1,23.4,4.6,2.2,8.4,N,76,N,N,31,35,79,57,1015.1,1010.8,6,6,18.5,22.3,Yes,Yes
9.2,25.5,0,5.2,5.8,N,56,N,N,35,31,51,34,1016.8,1014.8,2,7,19.2,24.1,No,Yes
14.4,19.1,4,5.8,0,N,61,ENE,NNE,9,24,93,92,1011.1,1004.6,8,8,15,17.3,Yes,Yes
14.9,21.3,1.6,2.8,2.5,N,80,NNE,NNE,57,26,85,73,995.5,995.3,5,7,18.9,15.7,Yes,Yes
11,16.3,0.8,5.6,7,WSW,61,W,W,28,31,61,37,1017.2,1017.6,2,6,12.4,15.3,No,Yes
7.2,15.8,0,3,1.4,N,65,N,N,43,28,78,82,1014.5,1010,7,7,11.2,12.2,No,Yes
9.3,11.1,11.4,0.8,0,N,52,N,WSW,22,20,92,95,1003.5,1003.9,8,8,9.9,10.4,Yes,Yes
3.1,13.4,0.4,1,4.1,SSW,37,W,S,15,20,90,70,1011,1012.6,7,4,8.8,12.2,No,Yes
6.2,14,0,0.8,4.7,S,15,WSW,ESE,2,9,97,66,1025.9,1022.4,8,7,8.5,13.8,No,Yes
8.2,14.2,0,1,0.4,WSW,41,N,W,13,24,82,82,1001.9,1001.9,5,7,11.1,14.1,No,Yes
7.3,15.1,0.4,2,4.3,NNW,43,N,NNW,24,22,64,59,1017.4,1016.7,7,7,10,13.7,No,Yes
6.9,13.3,0,2,0.1,N,67,NNE,N,43,37,74,78,1020.5,1014.8,7,7,8.3,11.4,No,Yes
8.3,14.4,3.2,1.2,0.2,N,46,N,NNW,13,9,89,89,1011.5,1011.6,7,7,12.8,14.1,Yes,Yes
5.2,12.4,0.2,0.6,1.4,S,33,NNW,SSW,7,11,89,79,1019.6,1014.7,7,8,8.9,11.5,No,Yes
8.9,12.4,7,1.4,0,SSE,48,S,SSW,26,22,97,89,1005.8,1004,8,8,11.8,11.8,Yes,Yes
8.9,13.5,0,3.4,3,N,72,N,N,37,50,74,61,1003.5,997.5,3,7,11.1,12.5,No,Yes
8.3,10.3,0,3.2,0.8,N,74,N,N,43,44,73,81,1010.8,1006.6,7,7,8.8,9.1,No,Yes
9.3,11.6,0,3,0,NNE,43,NNE,NNE,9,20,75,68,1017.8,1014.3,7,7,10.1,11.2,No,Yes
6.8,11.9,2,1.8,0,S,39,SW,S,17,15,93,94,1013.2,1010.7,8,8,8.1,10.5,Yes,Yes
8,11.8,24,0.6,0,S,52,S,S,30,28,86,86,1017.4,1018.9,8,8,11.5,11.5,Yes,Yes
5.6,12.4,0,1.4,0,NNE,85,N,NNE,30,44,87,82,1020,1013.1,8,8,10.5,10.9,No,Yes
7.9,15.1,1,0.2,6.3,S,19,NNW,SSW,7,9,83,63,1023.2,1021.3,7,4,10.6,14.9,No,Yes
5.6,17.5,2.6,2,4.5,N,80,N,N,28,26,88,69,1016.3,1011.8,7,2,11.9,16.5,Yes,Yes
11.8,17.3,8.4,1.4,1.8,N,83,NW,W,22,52,72,76,997.8,995.9,7,7,15.6,11.4,Yes,Yes
4.9,13.5,0,2.6,4.7,W,76,NNW,NNW,19,35,73,51,1009.3,1005.3,6,7,8.8,12.3,No,Yes
7.7,14.2,0,2.2,0.5,NW,48,N,NW,30,15,79,74,1021.7,1020,7,7,11.1,13.3,No,Yes
8.7,16.1,0.2,1.4,9.1,N,70,N,N,17,22,84,55,1017.2,1014.7,3,2,10.9,15.2,No,Yes
10.3,13.2,2.6,2.6,0,N,52,N,N,35,28,90,89,1010.6,1009.5,7,7,11.5,11.8,Yes,Yes
4.6,12.3,9.2,1.6,5.3,SSW,44,SSW,S,13,30,88,60,1021.1,1021.2,2,2,6.8,11.5,Yes,Yes
7.3,14.8,0.6,4,7.2,N,67,N,N,31,39,63,54,1010.9,1009.2,1,7,10.4,12.5,No,Yes
13.5,15.8,0,7.2,0.8,NNE,70,N,N,24,15,58,81,1006,1006.9,7,8,15.3,9.3,No,Yes
8.2,14.1,0.4,2.4,0.8,NNW,37,N,NNW,19,17,75,66,1016,1013.2,7,7,11.3,13.5,No,Yes
8.6,16.4,1.8,1.6,5.1,N,37,N,SE,24,17,81,76,1014.4,1012.4,5,7,10.3,10.9,Yes,Yes
9.1,15,1,3.4,1.2,SSW,28,WNW,S,9,13,94,91,1018.9,1015.6,7,7,11.1,11.8,No,Yes
8.9,13.5,4.4,2,0.3,S,31,S,S,9,20,91,72,1014.3,1008.1,7,7,10.9,13,Yes,Yes
12.3,22.4,0,5.4,8.3,N,70,N,N,35,37,65,47,1021.7,1016.7,2,5,16.5,20.7,No,Yes
14.2,15.4,1.4,5.4,0,N,70,N,N,28,13,91,93,1010.1,1008.4,8,8,14.5,14.7,Yes,Yes
9.2,13.8,13.4,3,1.4,SW,46,SW,SE,24,13,76,65,1016.7,1016.8,8,7,11,13,Yes,Yes
6.6,16.6,1.2,1.2,7.2,N,37,N,NW,15,22,71,50,1019.6,1017.3,1,7,11.8,15.7,Yes,Yes
8.7,13.7,1.6,1.6,0.2,SE,28,N,S,9,9,92,72,1021.9,1020.4,8,8,9.7,12.6,Yes,Yes
8.9,13.1,12.4,3.6,0,S,28,NE,ESE,7,15,96,91,1019.8,1015.9,8,8,9.6,11.7,Yes,Yes
9.6,15,20.4,1.2,5.3,N,59,N,N,15,41,80,64,1005.3,1004,6,6,12.7,12.8,Yes,Yes
6.7,14.2,3.2,3.2,1,WSW,57,W,WSW,24,39,80,70,1007,1009.3,6,7,11.6,13,Yes,Yes
9.3,11.7,0.4,5.4,0.2,N,44,SW,SSE,17,11,87,71,1012.3,1010,8,8,9.3,11.2,No,Yes
6.5,18.7,0,2.6,10,NNE,52,NNE,N,28,35,58,48,1015.1,1012.6,1,5,13.6,16.5,No,Yes
7.1,19.4,0,3.4,7.9,N,54,N,N,24,39,70,45,1009.9,1005.8,5,7,13.6,18.5,No,Yes
7,16.7,0.4,4,5.1,NW,46,NW,N,13,20,62,40,1013,1009.5,4,6,13.2,16.3,No,Yes
4.4,15.5,9,3.4,8.1,W,41,W,SW,22,26,72,59,1011.8,1011.8,2,6,11.1,14.8,Yes,Yes
6.8,17.8,2,2.4,7.8,N,59,N,N,28,33,68,52,1012.3,1003.8,1,7,12.5,16.6,Yes,Yes
11.5,16.2,4.4,5.6,5.4,NNE,76,NW,N,20,24,67,48,989.7,988.2,7,7,12.4,14.4,Yes,Yes
6.3,15.2,1.8,4.4,5.6,NNE,37,N,W,17,15,69,66,991.7,993.4,7,6,11.8,13.7,Yes,Yes
10.3,22.1,0,7.2,6.9,N,93,N,NNE,65,61,70,39,1003.2,997.9,6,1,12.8,22.1,No,Yes
9.4,16.6,0.4,5,5.4,W,81,N,W,35,33,70,66,998.5,1000,3,4,12.5,13.7,No,Yes
10.9,16,0.6,5.6,5.9,W,76,N,SW,20,43,64,49,1008.7,1009,7,2,12.3,13.1,No,Yes
7.9,16.1,0.2,4.8,2.2,WSW,61,WNW,S,20,28,73,94,1017.1,1018,7,8,11.4,11,No,Yes
14.1,21.4,0,11.6,0.8,N,93,N,NNW,41,15,61,48,1002.5,999.3,8,8,15.4,20,No,Yes
9.5,16.1,0.6,5.6,4.7,SW,59,W,WNW,9,17,80,55,1009.3,1010,6,7,11.1,14.3,No,Yes
12.3,16.3,0,12.2,0.1,N,100,N,S,41,13,53,96,1010.5,1012.3,7,8,15.8,11.3,No,Yes
4.7,11.9,13.2,2.2,5.2,SSW,69,WSW,S,31,33,72,82,1018.6,1019.7,6,7,8.5,11.5,Yes,Yes
14,19.3,0,7.2,1.5,N,50,WSW,SSE,17,20,84,84,1009.7,1012,7,8,14.3,14.8,No,Yes
5.5,18.7,0.2,4.6,8.7,WNW,48,WNW,WNW,26,20,52,44,1011.9,1009.9,2,7,13.5,16.5,No,Yes
5,21.9,0,3.8,11.5,W,35,S,S,11,20,69,44,1012.8,1008,1,1,13.1,21.2,No,Yes
11.3,24.3,3.8,4.8,4.5,NW,61,N,NW,28,35,75,34,997,996.3,7,6,19,23.3,Yes,Yes
10.4,19.1,2.2,7.2,1.7,SSW,57,NNW,WNW,33,9,69,55,993.6,992.6,7,7,12.7,18.2,Yes,Yes
16.9,34.3,0,11.2,6.2,WNW,83,N,N,43,33,52,28,1010.8,1006.1,7,7,24,31.8,No,Yes
13.3,13.9,8.2,9.4,0,SW,26,SSW,S,13,17,97,97,1015.5,1016.4,8,8,13.5,12.6,Yes,Yes
10.4,16.4,8,1,5.2,SW,56,SSW,SSW,19,13,75,86,1015.4,1016.8,7,7,13.5,9.7,Yes,Yes
7.1,28.4,0,4.6,12.9,NW,48,E,NNW,9,24,60,21,1015.7,1010.8,6,1,15.4,27.2,No,Yes
15.1,23.4,3.2,12.2,6.1,N,80,N,W,43,50,90,29,996.7,998.2,8,6,16.3,22.2,Yes,Yes
10.9,19.3,0,4.6,10.2,S,35,SSW,SSE,13,19,55,45,1023.9,1022.4,7,2,13.5,18.5,No,Yes
5.5,30.9,0,7.6,10.8,N,61,N,NNW,41,35,40,16,1015.1,1009.2,4,6,18.6,28.2,No,Yes
11.7,32,0,8.6,10.7,N,43,NNW,S,9,20,72,35,1015,1010.6,0,4,17.3,29.9,No,Yes
25.5,30,0,16,2.4,N,59,N,S,37,17,35,54,1008,1011,7,8,28.6,21.3,No,Yes
16.7,28,1.6,2.6,0,NNW,28,NE,NNE,7,20,85,67,1012.3,1009.9,8,8,18.9,26,Yes,Yes
24.9,34.7,0,15.4,3.4,NW,65,N,NW,37,30,59,96,1002.9,1002.6,7,8,28.8,23.3,No,Yes
11.4,25.7,0,5.2,5.8,N,43,N,N,17,15,54,39,1017.2,1014.6,2,7,19.3,24.2,No,Yes
15.4,22.2,0.8,2.8,2.5,N,61,N,N,11,22,80,68,996.1,995,5,7,20.3,16.6,No,Yes
14.6,18.4,0,4.8,2.7,NW,39,N,NNW,15,19,66,66,1014,1012,7,8,15.1,17.2,No,Yes
9.2,22.2,0,2.8,2.2,N,59,NNE,N,17,24,59,44,1016.7,1011.9,7,7,17.2,21.9,No,Yes
12.8,17.2,2.2,5.6,7,NW,43,W,W,17,17,61,38,1016.9,1017.3,2,6,13.2,16.9,Yes,Yes
7.6,15.6,0,3,1.4,N,46,N,N,15,15,76,74,1015.1,1010.2,7,7,12.2,13.4,No,Yes
10.3,12.5,12.4,0.8,0,N,35,N,W,11,9,95,88,1003.6,1003.5,8,8,10.5,11.9,Yes,Yes
5.7,13.2,0.6,1,4.1,SSW,31,NE,SSW,2,17,89,65,1011,1012.4,7,4,8.7,13.2,No,Yes
6.8,14.1,0,0.8,4.7,SSW,15,N,SSW,2,4,89,73,1025.9,1022.2,8,7,9.8,13.4,No,Yes
10.5,15.3,0,1,0.4,WSW,31,NW,WNW,11,13,74,78,1001.7,1001.2,5,7,12.4,15.2,No,Yes
9.7,14.7,1.2,0.8,0,N,54,N,N,17,19,85,82,1008.6,1004.9,8,7,11.1,12.9,Yes,Yes
10.4,15.8,0,2,4.3,NNW,39,N,NNW,15,17,61,59,1017.1,1016.1,7,7,11.4,15,No,Yes
7.8,14.3,0,2,0.1,N,43,N,N,15,9,72,84,1020.8,1015.1,7,7,9.4,11.8,No,Yes
9.3,15.1,4.2,1.2,0.2,N,26,N,N,11,6,84,91,1011.3,1011.3,7,7,14.3,14.9,Yes,Yes
9.1,13.2,3.6,1.4,0,SSE,31,S,SSW,9,13,100,94,1005.6,1003.6,8,8,12.8,12.7,Yes,Yes
10.4,14.8,0.6,3.4,3,N,61,N,N,22,33,74,60,1003.2,997.3,3,7,11.7,13.9,No,Yes
6.9,10.7,13.8,3.8,4.5,W,44,W,W,13,17,71,65,1003,1008.7,7,5,8.2,8.4,Yes,Yes
10.3,11.7,0,3.2,0.8,N,63,N,N,24,24,67,72,1011.2,1006.8,7,7,10.4,10.7,No,Yes
8.2,12.8,0.6,1.8,0,SSE,28,SSW,S,6,13,87,91,1012.9,1010.4,8,8,10.1,11.5,No,Yes
9.8,13,22.6,0.6,0,S,37,S,S,15,13,87,84,1017.1,1018.5,8,8,12.4,12.8,Yes,Yes
6.5,14.2,0,1.4,0,N,59,E,N,2,17,97,80,1020.1,1013.7,8,8,8.3,12.3,No,Yes
9.8,16.1,1.8,0.2,6.3,SSW,17,NNW,SSW,2,9,97,76,1023.1,1021.1,7,4,11.5,14.4,Yes,Yes
6.9,18.1,1.8,2,4.5,N,50,NNE,N,6,20,100,65,1016.5,1011.4,7,2,9.3,18,Yes,Yes
9.2,18.3,7.8,1.4,1.8,N,59,N,WNW,15,15,76,73,996.9,995.4,7,7,16.8,12.8,Yes,Yes
6.3,14.3,0,2.6,4.7,NNW,59,N,NNW,13,26,72,51,1008.9,1004.7,6,7,9.5,13.3,No,Yes
10.2,15.3,0,2.2,0.5,NNW,31,N,WNW,15,11,76,67,1021.4,1019.3,7,7,11.8,15.2,No,Yes
9.1,13.8,2.4,1.6,3,N,59,N,N,19,28,85,74,1021,1016.6,6,7,11.2,12.6,Yes,Yes
10.3,17,2,1.4,9.1,NNW,52,N,NW,11,15,86,39,1016.8,1014.3,3,2,11.6,16.6,Yes,Yes
11.2,14.4,2.8,2.6,0,N,39,N,N,15,19,89,80,1010.8,1009.3,7,7,12.5,13.5,Yes,Yes
8.5,13.4,14.4,1.6,5.3,S,44,S,SSW,15,17,65,65,1020.8,1021.2,2,2,11.1,12.7,Yes,Yes
9.6,15.3,0,4,7.2,NNW,52,NNW,NNW,22,33,61,46,1010.8,1008.7,1,7,11.3,14.9,No,Yes
7.7,14.1,0,3,5.8,NNW,46,N,N,19,22,70,60,1021.1,1017.1,8,7,9.6,13.1,No,Yes
15.3,16.4,0.2,7.2,0.8,N,59,N,NNW,26,11,55,85,1005.9,1007,7,8,16.3,10.3,No,Yes
6.9,13.6,9.4,2,9.7,NNW,43,NNW,NW,13,26,65,55,1011.9,1012.1,3,3,9.6,12.8,Yes,Yes
9.5,14.8,1.2,2.4,0.8,NNW,33,N,NNW,11,9,80,72,1015.8,1012.8,7,7,11.6,13.9,Yes,Yes
7.8,16,5.6,1.6,5.1,SSW,35,N,NNW,7,6,83,89,1014.4,1012.8,5,7,11.1,10.5,Yes,Yes
3.7,12.7,0,2.4,7.9,S,26,NNE,SSW,9,15,93,77,1016.6,1013.5,7,6,6.6,11.4,No,Yes
16,16.7,0.6,5.4,0,NNE,44,N,N,20,7,82,89,1009.7,1008.2,8,8,16.4,16,No,Yes
11.5,14.3,9.4,3,1.4,SSW,37,WSW,SSW,11,11,81,67,1016.4,1016.8,8,7,12,13.8,Yes,Yes
7.3,17,1.2,1.2,7.2,N,28,NW,NNW,13,15,69,57,1019.5,1016.8,1,7,12.5,15.5,Yes,Yes
9.9,13.6,1.6,1.6,0.2,SSE,22,N,SSW,9,9,93,80,1021.8,1020.5,8,8,10.4,12.5,Yes,Yes
9.6,14.6,9,3.6,0,SSE,20,NNE,ESE,9,9,97,96,1020.1,1015.5,8,8,10.6,12.6,Yes,Yes
10.5,16.1,20.6,1.2,5.3,N,44,NE,N,9,26,93,56,1005.3,1004,6,6,12.6,14.4,Yes,Yes
8.7,14.6,2,3.2,1,WSW,37,NW,WSW,11,7,79,98,1006.7,1009.2,6,7,12,12,Yes,Yes
9.1,18.8,0,2.6,10,NNW,48,N,N,20,22,51,45,1015,1012.4,1,5,14.6,17.9,No,Yes
10.9,15.2,1.2,5.2,2,SSW,35,WSW,SSW,4,11,95,79,1010.6,1008.5,7,7,11.8,14.8,Yes,Yes
10,20.1,0,3.4,7.9,N,54,N,N,19,28,66,43,1009.7,1005.7,5,7,15.3,19.4,No,Yes
8.1,16.9,0.6,4,5.1,NNW,31,NW,W,11,13,64,52,1012.9,1009.5,4,6,13.5,15,No,Yes
7.4,14.8,12.6,3.4,8.1,WSW,33,WNW,SSW,11,11,69,76,1011.7,1011.8,2,6,11.6,14,Yes,Yes
7.5,19.3,2.2,2.4,7.8,NNE,43,N,NNE,17,24,68,47,1012.2,1003.6,1,7,13.6,17.9,Yes,Yes
12.5,16.7,1.8,5.6,5.4,N,48,NNW,N,17,20,74,43,989.5,988.3,7,7,12.6,15.3,Yes,Yes
9.3,16.4,2,4.4,5.6,NNW,24,NNW,SSW,13,9,68,53,991.8,993.1,7,6,11.9,15.6,Yes,Yes
12.1,24,0,7.2,6.9,NNE,69,NNE,N,15,37,56,33,1004.6,998,6,1,16,23.5,No,Yes
11.1,15.9,9.2,6.4,9.6,NNW,56,NNW,NNW,19,30,62,48,995.4,995,6,7,12.9,15.1,Yes,Yes
10.6,17.1,2,5,5.4,WSW,61,N,WSW,15,20,79,51,998.8,999.8,3,4,12.7,15,Yes,Yes
13,16.8,0.8,5.6,5.9,WNW,48,NNW,WSW,15,17,50,55,1008.3,1009,7,2,14,13.5,No,Yes
10.2,15.4,0,4.8,2.2,S,39,NW,S,13,13,70,88,1017,1018.1,7,8,12.2,12.3,No,Yes
17.4,23.1,0,11.6,0.8,N,57,N,S,26,11,49,60,1001.9,999.8,8,8,18.1,17.7,No,Yes
9.6,16.6,1,5.6,4.7,SSW,41,WNW,WSW,13,17,70,49,1009.3,1010,6,7,12.3,14.7,No,Yes
14.8,17.6,0,12.2,0.1,N,59,N,SSW,28,9,47,94,1010,1012.6,7,8,16.9,11.6,No,Yes
6.9,13.2,16.4,2.2,5.2,S,57,W,SSW,13,26,68,73,1018.4,1019.5,6,7,9.3,12.2,Yes,Yes
12.7,28,0,7,7.1,NW,57,N,WNW,19,20,59,30,998.5,998,3,7,21.4,24.5,No,Yes
8.4,23.8,0,3.8,11.5,S,30,SSE,SSW,7,17,61,62,1013,1008.3,1,1,14.6,18.5,No,Yes
13.2,25.5,2,4.8,4.5,NNW,50,NNE,WNW,7,20,79,36,997.1,995.7,7,6,18.8,23.7,Yes,Yes
11.7,19,2,7.2,1.7,S,50,N,NNW,17,4,69,60,993.5,992.8,7,7,13.4,18.4,Yes,Yes
17.9,35,0,11.2,6.2,N,56,N,N,20,24,45,31,1009.8,1005.5,7,7,26.7,33,No,Yes
14.5,14.9,8.6,9.4,0,WSW,22,S,SSW,9,9,96,89,1015,1016.4,8,8,14.5,13.8,Yes,Yes
11,16.8,5.4,1,5.2,SSW,39,WSW,SSE,6,15,78,79,1015.3,1016.4,7,7,13.7,11.4,Yes,Yes
12.7,31.7,0,5.6,4.8,N,44,NE,N,6,13,57,28,1010.1,1006,7,8,18.1,30.9,No,Yes
10.5,28.3,0,4.6,12.9,N,35,NE,S,6,9,65,35,1015.7,1010.9,6,1,16,25.6,No,Yes
15.4,23.2,2.2,12.2,6.1,NNW,56,N,W,19,17,81,34,997.2,998.1,8,6,16.9,22.6,Yes,Yes
8.8,30.2,0,7.6,10.8,NNW,54,NE,N,13,30,52,26,1015.4,1008.9,4,6,17.2,27.6,No,Yes
25.4,29.3,0,16,2.4,N,39,WNW,SW,4,11,38,86,1008.6,1011.1,7,8,28.8,18.9,No,Yes
27,33.5,0,15.4,3.4,N,46,N,N,19,20,56,73,1002.5,1000.9,7,8,29.9,27.1,No,Yes
19.7,34.1,0,9.2,8.1,NNE,80,ENE,SE,17,11,51,25,1011.2,1008.6,2,5,24.6,33.6,No,Yes
17.5,28.1,24.8,10,2.8,SE,72,SE,SSW,15,13,70,50,1015.2,1013.2,7,6,20,25.8,Yes,Yes
24,31.9,0,12.8,3.4,SW,30,W,NNW,17,15,40,53,1010.4,1009,8,8,26.6,28.5,No,Yes
18.2,21.3,0.2,2.1,2,NNE,37,SE,NNE,9,19,85,69,1016,1013.2,8,5,18.8,20.1,No,Yes
11.9,22.7,0,4.6,1.5,ENE,33,NE,NNE,13,15,47,34,1015.9,1013.4,8,8,17.1,22.6,No,Yes
15.5,19.6,2,2.6,0,N,41,NNE,NNE,19,26,99,92,1007.6,1001.1,8,8,15.9,19,Yes,Yes
7.8,13.9,0,2.6,0.2,N,39,NW,N,11,22,57,85,1017.3,1011.9,8,7,12.6,11.6,No,Yes
5.5,17.4,0,2.3,5.8,W,52,NW,NNW,7,22,93,62,1011.1,1006.6,6,6,9.5,16.1,No,Yes
3.3,18.8,0,3,8.5,NNE,28,ENE,NE,9,11,85,48,1032.3,1027.7,2,2,8.3,18.2,No,Yes
8.3,18.2,1.4,1.9,0.8,N,33,NE,NE,17,17,86,71,1019.1,1012,8,8,11.1,17.3,Yes,Yes
9.8,15.7,0.4,0,0.2,SSE,24,SSE,S,13,9,98,77,1018.2,1017.4,8,8,12.4,15.2,No,Yes
7.1,11.5,0,0.9,0.6,NNW,31,NNW,NNW,17,15,77,93,1005.8,1002.1,8,8,10.2,11.1,No,Yes
7,17.3,0,3.3,7.2,WNW,54,NNW,NW,17,31,81,46,1008.7,1002.9,7,7,9.6,16.5,No,Yes
5.7,17.3,0,4.2,5.3,WNW,54,NNW,WSW,22,30,78,78,1015,1011.9,6,8,8.6,13.2,No,Yes
3.3,14.6,0.8,0,3.5,NNW,54,N,NW,17,20,93,84,1012.9,1009,7,7,8,11.2,No,Yes
4.8,14.5,0.6,2.6,5.2,NW,67,NW,NW,13,22,89,47,1018,1013.8,0,8,7.6,13.3,No,Yes
8.3,18.4,0,2,3.4,N,46,NNE,N,2,17,79,46,1017.7,1014.9,6,7,10.5,17.6,No,Yes
10.5,13.1,3.2,1.4,1.5,SSW,31,NNW,NW,13,13,90,97,1013.8,1012.2,8,8,11.8,12.3,Yes,Yes
9.1,26,0,4,10.5,N,59,N,N,24,30,42,21,1017.8,1012.1,0,0,17.6,25.5,No,Yes
9.4,14.8,9.6,8,5.6,W,46,WNW,WNW,9,24,97,62,1011.9,1010.7,8,6,9.6,13.5,Yes,Yes
12.8,16,0.2,4.4,0,NNE,61,NNE,NNE,43,22,73,92,1014.5,1013.5,8,8,14.4,14.5,No,Yes
14,27.4,0,5.8,9,NNE,57,NNE,N,30,35,50,30,1019.9,1013.9,2,6,20.1,26.4,No,Yes
7.3,22.3,0,3.2,9.8,SW,63,NE,W,15,13,69,40,1019.9,1017,0,2,14.8,21.1,No,Yes
10.7,15.1,5,4.2,1.7,WNW,44,S,SSE,2,7,100,94,1015.8,1011,8,8,12,14.3,Yes,Yes
8.1,17,5.4,0.8,7,NW,78,NW,WNW,26,43,77,44,1009.1,1006.7,6,7,11.4,15.6,Yes,Yes
7.4,22.2,0,4,7,N,43,NNE,N,19,24,67,33,1017.4,1013.2,0,1,15.9,20.8,No,Yes
7.5,20,0,4.8,4.4,NE,43,NNE,NNE,28,26,61,46,1012.8,1008.7,7,8,13.7,18.9,No,Yes
6.9,17.6,0,5.6,2.5,NNE,33,N,N,20,17,57,58,1009.1,1006.8,7,8,16.2,16.3,No,Yes
5.5,23.3,0,5.4,7.2,NE,61,NE,NNE,26,33,49,35,1010.7,1000.1,0,8,16.2,21.1,No,Yes
8.3,14,12.6,5,5.3,N,69,NNW,NNW,33,30,57,79,991.3,987.7,5,7,11.4,12.3,Yes,Yes
11,26,0,4,1,N,69,NNE,N,35,28,43,30,1001.7,995.9,7,7,17.2,24.6,No,Yes
9.2,18.5,0.2,4.3,9.1,W,59,NW,W,24,33,65,64,1008.3,1009.1,1,6,13.8,17.4,No,Yes
14.7,22.7,0,9.8,5.6,W,44,N,W,20,24,34,38,1003.3,1004.2,8,8,20.3,20.3,No,Yes
15.7,21,0,10.6,4.6,NNE,43,SW,SW,15,17,37,88,1011.9,1014.5,8,8,21,12.4,No,Yes
19.9,39.6,0.8,10.6,4.1,NW,80,NNE,N,17,43,34,19,1009.2,1005.5,6,7,27.9,35.6,No,Yes
17.4,21.4,3.6,11.4,1,SSW,46,SSW,SSW,19,13,90,71,1013.9,1014.6,8,8,18.2,20.4,Yes,Yes
15.1,21.2,1.6,6.2,6.5,WSW,33,SW,S,15,13,73,70,1014.5,1016,8,8,17.2,17.9,Yes,Yes
13.7,21.4,10.6,5.6,1.6,S,48,S,SSE,24,22,95,82,1001,1001.5,8,7,16.7,19.6,Yes,Yes
14.1,24.7,0,8,0,SW,30,N,SSW,7,15,73,90,1003.1,1003.4,7,8,19.2,17.8,No,Yes
11.7,21.7,0.6,3.6,7.6,W,52,NW,W,22,22,77,72,1012.1,1013.2,4,8,16.1,18.6,No,Yes
13.6,19.6,0,6,0.9,SSW,35,SW,SSW,15,20,90,77,1018.5,1017,8,8,15.4,18.9,No,Yes
12.7,21.5,1.6,1.2,4.1,SW,33,WSW,SW,6,13,94,65,1013.8,1011.1,7,7,15.5,20.7,Yes,Yes
17.2,18.4,5.8,5,0,W,30,NNW,ENE,7,6,93,92,1012.5,1009.7,8,7,17.4,17.9,Yes,Yes
15.3,20.2,0.8,4,2.9,W,44,WSW,W,20,24,68,64,1019,1020.7,7,7,17.1,18.8,No,Yes
15.2,19.4,0.6,2.4,6.5,ESE,28,E,SE,15,17,83,75,1021.2,1020.3,8,8,16.9,18.6,No,Yes
14.5,35,0,6.8,5.6,NNW,59,N,NNW,17,31,62,24,1008.5,1002.4,1,2,20.8,33.8,No,Yes
12.7,17.3,19.4,7.6,5.9,W,67,SW,SW,26,33,65,55,1001.8,1007.5,8,8,14.8,16,Yes,Yes
8.7,19.4,0,2.4,4.2,W,35,W,W,4,22,71,65,1021.7,1021.2,8,8,14.9,17.9,No,Yes
11.5,16.5,0,2.6,0,SE,26,SE,S,6,11,66,59,1021.4,1021,8,8,13.5,15.3,No,Yes
8,23,0,4,3.2,WNW,57,NNW,WSW,24,19,35,92,1008.5,1010.9,2,7,19.3,14.8,No,Yes
13.6,19.2,0.4,3,6.5,W,52,WNW,W,20,35,91,64,1020.2,1018.8,8,1,15.2,18.5,No,Yes
13.3,17.9,2.4,1.2,4.2,W,43,SW,W,22,22,90,79,1023.4,1023.1,7,8,14.5,16.1,Yes,Yes
11.7,17.5,3,2,3.3,S,26,SSW,S,11,13,87,69,1027.4,1025.8,7,8,14,16.5,Yes,Yes
13.9,26.7,0,9,2.4,N,67,N,NNW,31,28,34,27,1013.7,1011.1,7,8,21.7,25.5,No,Yes
16.3,37.7,0,11.6,6.7,W,65,E,WNW,7,13,37,15,1010.5,1006.4,6,7,24.9,37.1,No,Yes
15.3,43.8,0,7.6,10.3,WSW,72,ESE,WNW,6,22,64,17,1010.8,1005,3,6,23.4,41,No,Yes
17.9,28.8,0.8,4.6,2.2,SW,26,SSW,WSW,7,9,91,65,1009.5,1009.9,8,7,20.3,23.6,No,Yes
16.6,22.4,1.4,2.8,2,W,43,SSW,ENE,17,9,100,100,1010.6,1008.1,8,8,17.7,19.3,Yes,Yes
19.2,29.2,1,9.6,5.8,WSW,44,ENE,SW,13,17,60,66,1004.2,1001.1,7,7,24.8,24.1,No,Yes
9.7,24.1,4.6,2.8,4.5,E,56,E,SW,6,19,100,58,1006.9,1003.9,7,6,11.7,21.5,Yes,Yes
13.6,31.9,0,5.6,7.8,W,35,NNE,NNW,4,17,100,26,1005.3,1001.6,2,7,16.8,30.9,No,Yes
12.6,27.9,0,8.2,12.7,WSW,44,WNW,WNW,7,17,71,29,1013.6,1009.7,3,3,16.1,25.6,No,Yes
12.9,18.7,2,9,4.5,W,44,SW,SSW,11,28,92,49,1015.6,1016.9,7,7,13,16.8,Yes,Yes
11.8,21.7,3,6.8,6.2,SSW,52,W,SW,9,28,96,75,1015.6,1013.2,7,6,13.7,20.3,Yes,Yes
17.7,21.3,0.6,3.8,0,WSW,20,SSW,W,6,13,99,100,1021.5,1019.7,8,8,18,19.5,No,Yes
16.2,33.5,0,9,10.2,N,41,NE,N,9,17,51,30,1012.9,1006.8,2,7,23.7,31.8,No,Yes
14.8,18.4,11,12,5.5,W,74,NW,SW,7,33,99,53,997.9,1001.7,8,5,14.9,17.6,Yes,Yes
9.3,29.4,0,6.6,7.3,NNE,46,NE,NNW,6,22,44,19,1013.7,1009.6,7,7,20.1,28.2,No,Yes
14,15,13.8,7.6,0.1,SW,31,WSW,NNW,9,7,100,99,1015,1016.5,8,7,14.2,14.3,Yes,Yes
17.7,23.7,0.2,10.2,0.1,NE,33,NNE,SW,17,17,44,74,1019.1,1019,7,7,20.6,18.9,No,Yes
15.9,20.5,0.2,2.4,0.4,NNE,39,NNE,E,9,9,72,100,1015.6,1013.8,8,7,18.5,16.3,No,Yes
16.2,23.5,5.8,2.2,8.4,N,44,NE,NNE,13,20,82,55,1014.8,1011,6,6,19.3,23,Yes,Yes
12.4,20.3,0,7,6.1,N,69,N,N,28,31,52,59,1002.4,1000.4,1,7,16.4,18.1,No,Yes
9.1,26.4,0,5.2,5.8,N,43,NNE,NNE,7,17,89,36,1017.5,1015,2,7,13.2,24.3,No,Yes
14.4,22.8,1.4,2.8,2.5,NNW,74,ENE,NE,19,13,82,65,996.2,995.7,5,7,20.2,17,Yes,Yes
13.7,17.5,0,4.8,2.7,N,50,NNE,NNW,17,20,68,67,1014.4,1012.3,7,8,14.6,16.9,No,Yes
7.3,22.4,0,2.8,2.2,NNE,52,E,ENE,13,9,61,46,1017,1012.6,7,7,17,21.3,No,Yes
12.4,16.9,2.4,5.6,7,W,50,WNW,W,20,22,65,43,1017.1,1017.2,2,6,12.5,15.8,Yes,Yes
5.4,16.3,0,3,1.4,N,46,E,NE,9,17,96,66,1015.3,1010.5,7,7,10.2,13.8,No,Yes
9.7,11.5,12.4,0.8,0,N,28,ENE,W,2,15,100,100,1003.7,1003.3,8,8,9.9,11.1,Yes,Yes
4.2,14.2,0,0.8,4.7,NNW,13,NNW,E,6,2,99,69,1025.8,1022.1,8,7,8.4,13.6,No,Yes
8.4,12.7,6,1,0,WNW,13,NE,N,2,2,100,100,1017.4,1012,8,8,10.4,12.3,Yes,Yes
9.9,14.2,0,1,0.4,W,31,N,W,6,15,98,100,1001.9,1001.5,5,7,11,13.5,No,Yes
9.3,14.8,0,2,4.3,WNW,44,N,NNW,15,22,66,63,1017.6,1016.7,7,7,10.5,14.2,No,Yes
4.5,14.5,0,2,0.1,NNE,37,NE,ENE,11,2,77,93,1021,1015.1,7,7,9.5,11.2,No,Yes
9.4,14.7,1.4,1.2,0.2,NNE,31,N,WNW,13,4,85,100,1011.6,1011.5,7,7,14,13.3,Yes,Yes
7.5,12.7,2.4,1.4,0,SSW,35,SSW,SW,15,17,100,100,1005.3,1003.4,8,8,12.3,12,Yes,Yes
10.2,13.8,0,3.4,3,N,63,NNE,N,20,24,78,63,1003.8,997.9,3,7,11.2,13.3,No,Yes
5.9,9.9,14.2,3.8,4.5,WSW,57,WNW,WSW,9,22,83,69,1003.1,1008.7,7,5,6.8,8,Yes,Yes
3.1,10,0.8,0.6,0,N,22,ENE,N,7,9,99,100,1018,1018.1,7,8,7,9.1,No,Yes
10.1,11.9,0,3.2,0.8,N,63,NNE,N,28,28,68,73,1011.2,1007.2,7,7,10.3,10.5,No,Yes
8.3,12.7,17.8,0.6,0,SW,46,SSW,SSW,20,20,99,85,1016.7,1018.1,8,8,11.8,12.5,Yes,Yes
9.9,13.6,2.2,1,0,SSE,26,SSW,SE,13,13,100,82,1022.8,1020.4,8,8,10.3,13.4,Yes,Yes
5,17.4,2.8,2,4.5,NE,54,E,N,9,17,100,67,1016.6,1011.9,7,2,8,17,Yes,Yes
8,17.4,12.4,1.4,1.8,NE,61,NNW,W,19,31,81,72,997.6,995.6,7,7,16,12.6,Yes,Yes
6.6,11.1,2.2,3.4,5.9,W,57,W,WNW,19,20,65,66,1004.6,1008.7,3,7,7.9,9,Yes,Yes
6.2,13.4,0,2.6,4.7,N,65,NNW,N,19,26,78,59,1009.1,1005.3,6,7,9.1,12.7,No,Yes
9.6,13.6,0,2.2,0.5,N,44,N,NNW,24,13,80,76,1021.7,1019.8,7,7,11.2,13.5,No,Yes
10.3,16.3,0.8,1.4,9.1,N,56,NNW,ENE,13,9,87,55,1017,1014.6,3,2,11.7,15.8,No,Yes
7.9,13.5,3.8,2.6,0,NNE,41,NE,NNE,11,19,99,91,1010.9,1009.4,7,7,12,12.6,Yes,Yes
5.2,13.4,16.4,1.6,5.3,SW,43,SSW,SSW,9,22,92,64,1020.7,1020.7,2,2,8.6,12.2,Yes,Yes
8.2,12.2,2.6,0.8,3.3,SW,39,WSW,SW,7,15,100,89,1026.1,1026.3,7,7,8.8,10.5,Yes,Yes
9.2,14.1,0.2,4,7.2,N,59,N,N,20,24,67,58,1011.2,1009.3,1,7,10.5,13.1,No,Yes
6.7,13.8,0,3,5.8,N,50,NNE,N,11,20,76,63,1021.5,1018,8,7,9.3,12.6,No,Yes
15.7,16.6,0,7.2,0.8,N,61,N,NW,22,11,53,99,1006.2,1007.3,7,8,16.6,9.3,No,Yes
5.9,13.4,8.6,2,9.7,WNW,46,NNW,WNW,20,17,73,63,1012.2,1012.4,3,3,8.3,11.2,Yes,Yes
8.3,14.2,2.6,2.4,0.8,NNW,35,N,NNW,15,19,96,70,1016,1013.2,7,7,10.5,13.6,Yes,Yes
8.7,16.6,1.8,1.6,5.1,W,44,NE,SW,6,7,83,84,1014.5,1012.4,5,7,10.7,10.7,Yes,Yes
0.5,13.4,0,2.4,7.9,SSW,28,SE,SSW,2,15,100,69,1016.7,1013,7,6,3.5,11.3,No,Yes
3.5,13.3,1.2,1.6,7,SW,37,W,WSW,9,17,99,64,1015.1,1015.5,7,5,7.5,12.7,Yes,Yes
11,15.7,0.2,3.4,1.2,SW,20,W,SSW,4,11,92,93,1018.7,1015.3,7,7,12.7,13,No,Yes
10.6,13.7,11.4,3,1.4,WSW,44,WSW,S,19,9,90,73,1016.1,1016.8,8,7,11.5,12.9,Yes,Yes
9.4,12.6,0.8,1.6,0.2,NW,17,NNW,ESE,4,2,100,94,1021.8,1020.5,8,8,10,11.7,No,Yes
9.2,14.1,7.6,3.6,0,ESE,24,SSW,ESE,6,7,100,100,1020.1,1015.6,8,8,10,12.2,Yes,Yes
9.6,15.7,0.6,5.2,2,SW,31,ESE,WSW,2,13,100,81,1010.5,1008.3,7,7,10.4,14.2,No,Yes
8.7,19.2,0,3.4,7.9,N,46,NNE,NE,9,22,69,45,1010,1006.2,5,7,14.5,18.3,No,Yes
5.8,17,0.4,4,5.1,WSW,39,ENE,N,7,11,78,48,1012.9,1009.3,4,6,12,15.4,No,Yes
5.9,15,13.8,3.4,8.1,W,33,W,WSW,13,9,75,100,1011.8,1012,2,6,11,11.8,Yes,Yes
5.4,18.1,2.6,2.4,7.8,E,50,ENE,E,7,22,81,53,1012.3,1003.7,1,7,13.2,16.7,Yes,Yes
17.6,28.2,20.6,2.2,3.5,E,33,E,SW,26,11,77,54,1012.4,1009.5,8,7,19.7,25.7,Yes,No
19.7,27.3,0.2,4.2,3.2,E,54,SE,N,11,17,78,71,1010.3,1006.6,7,7,23.2,25.7,No,No
17,29.8,0.6,4.8,12,SSW,50,SW,SW,20,28,78,44,1008.6,1007,5,2,21.1,27.8,No,No
21.7,36.7,0,37.4,12.9,NE,43,NNE,NNE,28,15,59,29,1016.1,1012,1,1,25.8,34.5,No,No
23.2,38.8,0,10.4,10.8,E,50,NNE,NE,22,11,43,22,1014.4,1011.5,1,6,28.7,38,No,No
23.4,38.6,0,11.2,8.7,NW,48,NE,NE,20,19,37,23,1016.5,1013.6,1,3,30.5,37.9,No,No
15,30.6,2,23.4,13.1,ESE,39,ESE,NE,20,9,51,28,1020.6,1016.9,1,2,22.2,28.8,Yes,No
17.3,32.1,0,9.6,13.1,ENE,35,NE,SW,19,11,50,26,1018.6,1014.8,1,4,22.3,30.6,No,No
20,34.3,0,9.2,12.8,NNE,43,NNE,S,30,9,54,22,1018.7,1014.2,1,2,23.7,33.2,No,No
20.5,37,0,11.4,12.7,NNE,41,N,N,28,20,49,16,1016.1,1012.4,1,2,26.5,35.1,No,No
18.7,33,7.6,21.8,12,WNW,41,WNW,W,11,20,38,21,1008.1,1005.6,0,2,23.8,31.3,Yes,No
17,34.1,0,10.4,12.6,W,50,WNW,WNW,13,30,42,20,1006.8,1003.7,3,1,24.5,32.9,No,No
14.9,33.5,0,11.2,4.3,WSW,35,ENE,WSW,11,24,39,28,1004.8,1003.4,2,7,25.4,31.7,No,No
23.1,31,0.4,5.2,2.6,E,33,NE,E,13,19,82,85,1003.6,1001.6,8,8,24.5,25.6,No,No
19.7,34.5,0,36.2,12.9,ENE,31,E,SE,19,13,54,30,1015.7,1012.4,1,3,24.1,32.3,No,No
19,34.5,0,10.2,13,E,39,ESE,SSE,20,9,47,25,1016.9,1013.3,0,1,24.7,33.6,No,No
18.3,33.5,0,11.6,12.8,E,33,E,NNE,24,7,47,25,1014.9,1011.1,0,1,24,31.3,No,No
19.8,39.3,0,31.6,12.6,SSW,50,N,SSW,15,19,62,20,1010.4,1006.1,0,1,24.1,37,No,No
21,40.6,0,12.6,10,WSW,48,NNE,W,17,15,28,12,1009.6,1006.4,1,2,29.1,38.9,No,No
24.2,38.8,0,12,12.6,WSW,46,NNE,SSW,20,30,37,13,1007.5,1005,1,4,29.9,37.4,No,No
16.2,33.8,0,15.4,12.7,WSW,46,SW,W,13,19,36,18,1008.5,1006,1,0,22.6,32.4,No,No
20.2,36.3,1.2,44.2,12.4,ENE,37,E,SSE,19,17,49,22,1023.1,1018.2,0,1,25.1,34.9,Yes,No
19.5,34.7,0,11.2,12.6,ENE,35,ENE,SSE,22,11,50,18,1019.9,1015.5,0,1,24.2,33.4,No,No
19.9,35,0,10.2,12.5,NNE,37,N,NW,24,9,56,23,1017.4,1013.3,0,1,24.2,34.4,No,No
22.8,37.4,0,35.4,12.4,SW,46,ENE,SW,17,15,51,22,1015.1,1011.2,1,3,27,35,No,No
21.9,36.5,0,12.2,12,E,44,E,WSW,20,11,49,19,1016.8,1013.1,1,3,26.3,34.6,No,No
20.2,35.8,0,12.2,11.7,NE,43,E,S,22,11,49,25,1018.5,1015.2,1,5,24.9,33.4,No,No
20.7,36.3,0,11,11.6,NNE,33,ENE,WNW,20,11,52,26,1020.3,1016.3,3,3,24.9,34.5,No,No
20,34.7,0,39.2,10.2,NNE,37,ENE,E,19,15,57,29,1020.4,1016.4,1,6,24.9,32.6,No,No
20.1,36.1,0,11.2,10.4,NE,65,ENE,ESE,15,22,54,22,1020.8,1016.6,2,4,24.6,33.8,No,No
20.4,35.2,0,11,10.7,NE,48,ENE,N,17,22,58,30,1021.3,1016.7,1,4,24.9,34.5,No,No
19.9,36,0,25.8,11.6,ENE,48,E,ENE,20,7,50,23,1018.6,1014.1,1,5,24.9,33.4,No,No
21.8,36.1,0,10.4,9.2,S,67,NE,WNW,17,11,64,31,1016.4,1011.3,1,4,25.2,34.1,No,No
14.3,31,5.8,65.4,11.2,SSE,31,E,SSE,17,9,58,23,1016.9,1014.5,1,4,21.5,29.2,Yes,No
22,33.6,0,40.4,8.8,NNE,46,NNE,W,28,22,62,28,1017.6,1014.2,2,7,24.3,32.2,No,No
18.6,32.7,0,30.8,9.9,E,46,NE,E,20,7,49,27,1020.1,1014.8,2,4,25,32.5,No,No
17.5,27,13.2,8.6,5.1,E,28,S,WSW,17,7,78,53,1019.5,1016.4,7,4,20.8,26.4,Yes,No
12.2,29.3,0,2.6,11.2,WNW,28,SE,WNW,7,9,74,19,1019.6,1016,1,1,20.4,28.5,No,No
15.4,29.8,0,5.4,10.4,ENE,37,E,S,17,11,56,28,1023.5,1020,1,2,22.4,29.3,No,No
15.6,26.8,0,26,6.8,S,31,SSE,SW,15,11,54,37,1020.1,1015.7,7,6,21,25.2,No,No
12.5,28.7,0,4.6,8.8,E,31,NE,S,20,11,62,25,1020.5,1017.1,7,7,20.7,27.7,No,No
13.5,30.2,0,5.2,10.8,NE,31,NE,NNW,24,9,57,23,1022.4,1018.4,1,2,22.2,29.3,No,No
11.4,28.7,0,21.2,10,ESE,54,SE,S,22,24,47,28,1024.6,1020.8,1,2,20.3,28.4,No,No
10.9,27.9,0,7.8,10.7,SE,37,SE,SSE,20,15,45,29,1027.4,1023.2,1,2,21,26.9,No,No
13.1,28.4,0,6.8,10.6,ESE,37,ESE,E,30,11,46,30,1026.8,1022.1,1,3,22.6,27.2,No,No
18.8,24.8,34.4,7.6,9.5,NE,70,N,N,24,26,89,79,1000.6,1001.7,7,3,21.2,24.1,Yes,No
20,25.6,2.8,5.8,12.5,W,26,WSW,W,11,15,66,75,1007.4,1006.5,1,6,23.6,24.1,Yes,No
20.6,24.3,1.8,4.8,6.2,SSW,37,S,SSW,15,17,88,77,1012.9,1012.5,7,7,22,22.5,Yes,No
19.9,24.7,0.6,5.2,6.8,SE,35,SSE,SE,17,22,92,70,1015.2,1013.8,7,6,20.2,23.2,No,No
19.5,23.2,35.2,4.2,0,ESE,37,SE,SE,22,20,96,90,1014,1013.4,8,8,21.9,22.4,Yes,No
20.6,24,1,2.2,3.2,SSE,35,S,SSE,20,19,87,76,1017.6,1017.1,7,7,22,23,No,No
20,24.3,0,3,10.4,SE,35,SE,SE,19,19,67,67,1019.8,1019.1,6,3,22.6,22.8,No,No
20.4,24.7,0,6.4,12.5,SE,31,ESE,SE,17,17,66,60,1018.9,1015.7,1,1,23.7,23.7,No,No
19.6,24.9,0,6.2,7.5,S,39,SSE,S,19,20,59,67,1015.5,1013,3,7,23.1,22.9,No,No
20.1,24.2,0,8,5.4,SSW,52,S,SSW,28,31,74,70,1011.2,1010.8,7,6,22.4,22.9,No,No
18.9,23.5,0,7,12,SSW,35,SW,SW,17,20,56,54,1013.3,1012.8,5,1,21.6,22.6,No,No
17.2,24.7,0,6.2,9.9,S,31,SW,SSE,9,19,59,71,1015.7,1014.4,6,6,22.5,22.1,No,No
21.8,25.9,3.6,6,7.6,ENE,46,E,ESE,22,24,78,82,1016.6,1015.2,4,4,24.4,24,Yes,No
20.8,25.3,0.2,5,10.8,E,39,ENE,E,28,24,75,74,1015,1013.3,2,3,23.5,23.3,No,No
21,26.6,0.6,3.8,5.7,ENE,37,NE,ENE,24,22,87,88,1013.3,1012.3,7,7,23.8,24.3,No,No
20.5,25.5,6.6,2.4,6.7,WNW,41,NW,W,13,17,77,73,1011.7,1010.4,8,7,24,23.3,Yes,No
19.7,26.2,0,3.8,9.1,SSE,22,ENE,SSW,4,13,69,68,1011.4,1010.7,4,1,25.5,25.2,No,No
19.8,26.4,0.6,3.8,10.6,SE,20,SE,SE,9,13,75,71,1013.1,1012.3,4,1,25.1,25.6,No,No
20.9,27.5,0,5,11.5,WNW,28,NW,WNW,13,11,78,69,1016,1014.4,2,3,25.3,26.6,No,No
21.6,27.9,0,5.4,8.5,W,19,WNW,ENE,13,7,81,75,1015.7,1013.9,6,5,25,25.8,No,No
21.8,26.4,21,3.4,8.6,WNW,39,WNW,WNW,20,22,79,74,1003.7,1002.9,7,7,24.9,25.5,Yes,No
21.7,26,2.2,6,8.2,SW,37,SW,SW,19,20,73,76,1006.9,1005.4,3,6,24.6,24.4,Yes,No
22.4,26.3,0,5.6,9.8,WSW,37,WSW,WSW,22,24,79,77,1006.1,1004.1,3,2,25.1,25.6,No,No
21.9,25.4,11.6,5.4,4.6,E,50,E,E,31,22,85,79,1010.8,1010.2,6,8,23.6,24.5,Yes,No
20.6,25.6,4.6,5,11.4,ESE,48,ESE,ESE,24,22,68,69,1015.3,1012.6,3,3,23.5,24.6,Yes,No
21.4,26,0,6.6,4.9,E,56,ESE,ESE,31,31,74,75,1013.2,1011.7,6,7,23.5,23.5,No,No
22,26.4,20.8,7.6,3,ENE,89,NE,NE,31,31,87,84,1008.4,1009.3,7,6,24.7,25,Yes,No
22.3,26.1,1.8,3.6,9.1,NE,50,NE,NE,28,28,81,80,1016.6,1014.7,3,7,24.8,25.1,Yes,No
20.9,24.9,10,1.2,3,SE,41,ESE,ESE,22,22,78,70,1019.4,1018.2,7,7,22.1,23.1,Yes,No
19.8,25.4,0,5,11.4,E,39,ESE,ESE,20,17,64,61,1020.2,1018.5,2,1,24.4,24.1,No,No
20.8,25.6,2.2,5.2,9.3,SE,41,ESE,SE,22,26,73,72,1020.9,1018.8,1,3,24,24.4,Yes,No
20.8,26,1,6.2,8.5,E,46,E,E,26,30,85,81,1020.5,1019.7,6,3,23.7,24.4,No,No
21.7,26.6,0,5.4,9.7,E,35,ESE,ESE,17,19,80,78,1021.8,1020.1,3,3,23.8,24.2,No,No
22,26.4,0,4,6.5,E,35,E,E,19,24,83,82,1022.4,1021.2,6,7,24.5,24.4,No,No
21.9,25.7,0,4,5.4,E,44,E,E,26,28,77,73,1024.2,1022.4,6,3,24.3,24,No,No
21.2,24.8,0.8,3.8,3,E,37,E,E,22,22,77,78,1023.7,1021.2,7,7,24.1,23.6,No,No
22.1,25.4,0,2.8,1.1,E,41,E,E,24,24,84,84,1021,1019.6,7,7,23.5,23.5,No,No
21.8,25.9,0.2,3,10.9,E,46,E,E,28,30,69,71,1022.1,1019.9,5,3,24.1,24.2,No,No
20.9,26,2.6,4,10,ENE,43,E,E,26,28,75,75,1015.3,1013.8,1,2,24.4,23.9,Yes,No
21.1,26.2,0.6,5,9.8,NE,39,E,E,24,28,74,71,1014.9,1011.8,7,2,24.3,24.5,No,No
22,25.7,0,3,9.6,SSW,43,SW,WSW,28,30,82,79,1007.8,1008.4,3,3,24.2,24.4,No,No
20.4,25.4,0,5,10.7,WSW,31,WSW,WSW,17,19,69,68,1015.2,1013.6,1,2,23.7,24.2,No,No
19.8,25,0.4,5.4,10.3,SSW,28,S,S,17,17,69,66,1015.8,1013.9,1,1,23,23.5,No,No
18.2,24.7,0,5,9.8,WSW,30,SW,SSW,9,19,65,71,1015.6,1014,2,3,22.8,23.1,No,No
18.5,24.9,0,4,10.6,SSW,28,S,SSW,9,13,72,67,1015.7,1014.3,1,1,23,23.9,No,No
18,25,0,4.4,9.9,E,30,ESE,SE,9,15,72,69,1017.8,1015.3,1,7,23.3,23.3,No,No
19.5,26.3,0,4,10.3,E,37,E,SE,24,22,75,76,1017.5,1016,1,2,24.4,23.8,No,No
22,26,10.6,3.8,8.3,NNE,39,NNE,NNE,20,19,88,82,1017.1,1014.9,7,5,24,24.7,Yes,No
20.1,23.7,1.8,1.8,6.4,SE,50,ESE,ESE,24,22,58,59,1017.6,1015.8,4,7,22.3,22,Yes,No
18.4,23.8,0.2,6.2,7.1,SE,44,ESE,ESE,22,24,57,56,1018.3,1016.7,7,1,21.5,22,No,No
19.5,25.2,0.6,4.6,8.4,ESE,39,E,E,22,17,77,64,1019.5,1018.2,4,3,22.6,22.9,No,No
18.2,24.7,0,5.8,9.2,ENE,26,E,NE,11,9,67,57,1020.7,1018.8,1,1,23.2,22.4,No,No
18.3,24.6,0,3.6,6.5,WSW,30,N,WNW,13,11,66,64,1020.7,1018.8,3,7,23.5,23.2,No,No
18.9,24.6,0,3,5.2,NW,30,NNW,SSW,9,9,72,74,1020.8,1018.8,2,7,22.7,21.9,No,No
18,24.6,0.4,3.2,6.8,SW,20,WSW,SE,2,9,79,78,1019.9,1017.7,5,6,22.2,22.4,No,No
20.4,25.3,12.4,2.4,6.8,SSE,35,NNE,W,11,11,77,63,1019.4,1017.6,7,5,24.1,24.8,Yes,No
20.4,24.5,0,3,9.3,SSE,31,SSE,ESE,20,17,81,74,1019.7,1017.6,4,3,22.5,22.9,No,No
18.8,24.2,0,4,9,SE,41,SE,ESE,15,20,79,71,1017.7,1014,2,1,22.7,22.8,No,No
18.7,23.8,2.2,4,2.4,SE,33,SE,ESE,20,19,69,76,1017,1015.8,7,7,21.7,20.7,Yes,No
19.2,24.5,0.4,3.6,1.8,ESE,39,E,ESE,19,24,73,70,1020.1,1019,7,7,21.8,21.6,No,No
19.5,25,4,3,9.9,E,46,E,E,30,30,71,72,1023.3,1021.6,2,4,23,22.9,Yes,No
19.6,24.3,0,5,9.1,E,37,E,E,19,26,60,65,1022.2,1018.9,1,5,23.3,22.4,No,No
19,22.9,6.6,4,8,SE,52,ESE,ESE,28,26,67,68,1021,1019.6,3,4,20.6,20.9,Yes,No
17.9,25.6,0,11,12.3,E,35,SSW,E,2,28,57,52,1016.4,1013.7,6,4,22.9,24.2,No,No
18.5,25.5,0,7,8.6,ENE,31,N,E,2,22,71,52,1021.9,1018.8,5,6,21.2,24.5,No,No
18.5,27.1,0,8,12.2,ENE,41,W,ENE,9,26,67,53,1020.4,1017.5,3,1,22.9,26.2,No,No
20.5,31.6,0,9,12.1,E,28,ESE,E,7,15,69,52,1013.3,1009.1,1,1,24.5,31.1,No,No
23.5,34,0,10.6,4.4,S,52,W,SSE,2,24,56,70,1010.4,1012.1,6,7,26.5,25.9,No,No
21.3,31,0,6,11,NE,37,NNE,E,4,28,69,59,1019.7,1016.2,3,1,23.2,26.7,No,No
14.3,23.8,5.4,6,7.2,SE,43,SSE,SSE,20,20,66,45,1026.9,1026.1,7,5,19.7,22.8,Yes,No
16,26.1,0,5.6,11.8,SE,33,SSE,ESE,13,22,71,49,1025.1,1022.6,6,4,20.4,25.1,No,No
16.7,27,0,7,13.5,NNE,35,WNW,E,6,20,64,55,1020.6,1017.7,2,2,22.1,25.1,No,No
19.2,30.2,0,8,13,NNE,41,N,ENE,6,13,60,54,1017.4,1013.3,3,3,24.2,29.2,No,No
21.9,37.5,0,11.8,10,NNE,39,ESE,E,4,9,39,39,1012.6,1009.8,1,6,27.9,32.1,No,No
20.8,25,0,6.6,0.6,SSE,31,SSW,ESE,11,15,73,62,1013.4,1012.1,8,7,21.9,24.1,No,No
20.8,24.9,2.2,9.8,0.5,NE,48,NE,NE,17,15,66,63,1016.2,1014,6,8,24,24.3,Yes,No
21.4,27.6,0.4,5.6,6.7,NNE,39,N,ENE,17,15,74,64,1008.2,1004.7,7,7,23.5,27.2,No,No
19.7,31.1,12.8,5.8,10,WNW,48,W,WNW,15,26,83,26,1004.4,1003.3,1,5,22.6,31,Yes,No
17,27.9,2,5,12.9,SE,33,WNW,ESE,17,24,62,45,1006.3,1004,2,3,20.9,26.6,Yes,No
19.9,27,1.8,8.8,8.1,SSE,37,SE,ESE,20,20,75,49,1018,1016.9,7,3,22.8,26.4,Yes,No
19.1,27.4,0,7.2,10.1,ESE,30,WNW,ESE,9,17,76,54,1018,1016.6,5,3,22.5,25.7,No,No
19,28,0,4.6,12.6,E,24,WNW,ESE,11,17,68,54,1019.1,1017.9,2,1,23,27,No,No
21,27.7,0,9.8,10.3,SSE,39,SSE,SE,26,19,70,47,1020.7,1019.6,6,1,25,27.3,No,No
19.6,28.5,0.2,7.6,12.7,NE,43,W,ENE,11,22,68,46,1016.7,1012.9,2,1,23.2,27.6,No,No
20.7,28.4,0,10.4,9.6,E,26,WSW,E,6,20,65,58,1015.8,1014.2,3,7,24.6,26.7,No,No
21.5,28.8,0,6.4,12,ENE,33,W,E,7,22,63,58,1017,1015.1,2,1,25.4,27.5,No,No
20.7,28.9,0,8.8,12.1,NNE,46,N,NE,9,24,60,54,1014.6,1011.5,1,1,25.3,27.7,No,No
21.1,32.5,0,9.6,10.4,SSE,48,NE,SSE,2,4,58,53,1008.4,1005.3,1,5,26.2,31.5,No,No
22.3,29.3,0,8,6.9,SW,31,W,ESE,15,20,75,62,1011.8,1007.7,7,3,24.1,27.4,No,No
21.5,27.9,0,7,10.8,SSE,48,SSW,SE,17,31,36,51,1009.1,1008.8,1,2,25.3,25.6,No,No
19.5,26,0,8.8,10.4,SSE,39,SSW,ESE,22,22,57,34,1011.4,1008.4,3,1,20.5,25.5,No,No
18.3,26.4,0,8,11.7,E,30,SSW,ESE,11,19,59,47,1009.8,1008.7,3,1,22.9,26.1,No,No
20.5,29.4,0,8,11.1,ENE,35,NW,ENE,9,20,70,60,1012.4,1009.8,4,1,23.7,28.6,No,No
20.8,28.8,1.2,3.8,11.6,ENE,39,W,ENE,11,24,71,59,1025.4,1022,1,6,24.3,28,Yes,No
21.8,29.7,0,9.4,12.4,NNE,43,N,ENE,9,22,62,51,1021.3,1017.7,1,1,25.4,28.2,No,No
20.9,29.5,0,11,12.3,NNE,46,NNE,ENE,11,26,60,58,1016.1,1012.9,0,1,26.1,28.4,No,No
21.9,32.8,0,8.4,12.2,NNE,44,NE,E,7,17,62,45,1012.4,1009.3,0,0,26.1,32.2,No,No
23.2,27.8,0,12.2,5.2,S,63,SSW,SE,28,22,67,60,1014.9,1015.5,1,7,25.4,26.7,No,No
22.5,27.5,0,6,10,ESE,33,ESE,ESE,17,22,60,55,1019.3,1019,7,5,26,25.2,No,No
20.7,28.1,0,8,10.1,E,28,W,E,11,17,62,53,1018.8,1017.2,1,1,23.7,26.3,No,No
20.5,27.7,0,11.2,5.7,ESE,31,W,SE,9,20,73,60,1021.2,1020.4,7,5,23,27.5,No,No
21.3,28.2,0,4.2,7.7,ENE,33,E,ENE,4,26,72,47,1022,1019.9,4,1,23.6,27.6,No,No
20.3,28.8,0,7.8,10.7,NNE,50,NNE,ENE,13,30,59,52,1021.1,1018.9,7,7,25.1,28.1,No,No
22.2,28.7,0,8.2,10.2,NE,46,NNE,NE,4,26,71,58,1021.3,1019.4,3,4,25.2,28.4,No,No
22.8,28.3,0,9.6,10.1,NE,39,N,NE,20,24,70,53,1022,1020.1,7,2,24.9,26.9,No,No
20.6,27.6,0,9.2,10.6,NE,41,NNE,NE,11,24,64,55,1021.7,1019.4,1,1,24.6,27.2,No,No
20.8,27.9,0,9.8,10.5,NE,46,N,NE,4,20,64,59,1022.9,1021.2,2,1,24.9,26.3,No,No
21,28.3,0,8,11.8,ENE,44,E,NE,7,26,71,57,1021.6,1018.8,2,1,24.5,26.8,No,No
22.4,28.1,0,8.8,10.8,ENE,33,NE,ENE,7,20,61,57,1023.4,1022.6,1,3,26.2,27,No,No
22.9,29.3,0,9.2,10.1,NNE,43,N,NE,13,24,71,55,1021.6,1017.9,4,4,24.8,29.1,No,No
22,30.6,0,8,6.5,SE,31,SSE,SSE,2,24,84,59,1019.7,1018.9,7,7,24,28.5,No,No
22.8,27.8,0,5.8,2.3,ENE,37,ENE,ENE,6,19,79,66,1020.1,1017.9,8,7,23.8,26.8,No,No
21.8,28.7,0,4.6,10.7,NE,43,WNW,E,9,24,73,60,1019.6,1018,1,2,24.6,27.6,No,No
22.6,27.7,0,9,7.7,ENE,30,NE,ENE,11,20,63,63,1020.5,1017.9,4,7,25.8,26.2,No,No
16.2,24.4,4.8,5.4,11,W,44,WSW,SE,20,22,43,36,1010.9,1011.2,1,1,18.4,23.8,Yes,No
14.9,25.3,1.6,4.2,9.5,W,33,W,ESE,20,15,66,51,1018.2,1016.9,1,3,18.3,23.9,Yes,No
16.5,27.4,0,5.2,9.3,ENE,31,W,E,11,24,73,51,1020.7,1019,6,3,19.4,25.8,No,No
19.3,25.2,0,6.8,0.3,S,24,WNW,WNW,11,9,78,62,1018.9,1016.3,7,7,20.4,22.9,No,No
17.1,26,0,3,10.2,ENE,28,WNW,ENE,17,17,71,59,1018.6,1016,2,2,20,24.5,No,No
19.4,26,34.8,5.8,4.1,SSW,26,S,ESE,15,20,88,64,1018.7,1015.7,6,6,20.6,26,Yes,No
16.5,25.6,1.2,6.8,10.6,SSE,39,W,SSE,20,20,51,42,1017.1,1016.2,1,2,19.9,24.7,Yes,No
16.6,25.6,0,5.4,10.2,NE,37,W,ENE,15,28,69,58,1019.1,1015.1,3,1,20.2,24.9,No,No
18.3,31.2,0,6.8,10.3,SSE,35,W,SW,19,9,63,19,1016.4,1014.6,7,3,19.9,29.7,No,No
19.9,34.2,0,6.8,10.6,NE,43,ESE,NNE,7,26,54,46,1015.9,1011.6,1,1,25,29.3,No,No
19.9,20.5,0.2,8.4,0,SSE,43,SSE,SSE,26,19,59,54,1023.2,1022.3,8,7,20.1,19.9,No,No
17.7,20.6,0,4,0,ENE,31,W,E,13,2,71,70,1023.5,1021.2,8,8,18.8,20.5,No,No
16,25,0.4,1.2,9.5,ESE,26,WNW,SE,17,15,65,57,1022,1018.8,2,7,19.3,24,No,No
17.4,22.9,8.2,5.6,5.7,S,35,SE,SSE,7,22,85,68,1023.1,1021.8,7,5,18.3,20.5,Yes,No
15.5,24.2,0.6,4.2,8.3,ESE,28,WNW,ESE,11,19,72,57,1027.4,1026.3,6,2,19.7,22.5,No,No
15.7,22.9,0.6,3.4,2.4,ENE,33,S,NE,6,15,88,62,1030.2,1027.5,7,7,18.6,22.3,No,No
16.5,24.6,1,3.4,9.9,NE,33,W,NE,2,19,66,51,1026.4,1021.8,6,5,21.3,24.2,No,No
16.6,25.5,0,5,9.3,SSE,28,W,ENE,7,11,69,49,1021.2,1017.8,6,7,19.8,24.7,No,No
16.7,25.5,15.8,3.4,10.3,E,22,W,E,15,13,82,66,1024.6,1022,3,2,19.3,23.2,Yes,No
17.3,24.5,0,3.4,10.5,ENE,30,W,NE,9,13,79,69,1023.1,1019.1,2,5,20.2,24.1,No,No
15.3,23.1,3.8,2.6,9.9,SSE,43,ESE,ESE,22,20,61,49,1029.8,1029.3,5,3,20.1,21.5,Yes,No
13.1,22.8,0,4.8,10.4,W,20,WNW,ESE,13,15,76,53,1032,1029.4,1,1,16.3,21.7,No,No
14.2,23.7,0,2.8,9.6,W,22,WNW,E,13,13,75,56,1030.9,1027.6,3,3,17.2,22.2,No,No
15.3,23.7,0,2.8,10.7,NE,35,WNW,NE,15,19,78,54,1028.1,1023.7,1,2,17.8,23,No,No
15.7,25.1,0,5.2,7.7,E,24,W,E,11,20,84,61,1024.9,1021.5,7,1,18.4,23.7,No,No
16,24.2,0,4.8,4.6,NE,26,W,NE,13,11,75,65,1022.8,1018.5,4,8,18.8,23.3,No,No
18.1,26.1,2.8,3.4,4.7,NNW,44,N,N,19,20,86,55,1013.6,1009.6,7,5,19.4,25.4,Yes,No
12.8,26.4,0,3.4,10.4,NW,33,W,WNW,11,20,61,27,1012.6,1006.4,1,0,16,25.8,No,No
16,26.2,0,8,10.2,NNW,26,W,E,17,15,49,41,1015.2,1014.2,1,2,19.1,23.1,No,No
13.5,22.4,0,4,10.1,W,28,WNW,E,13,20,55,54,1020.7,1016.9,1,1,16.2,21.3,No,No
12.4,22.9,0,5.6,8.7,W,24,W,ENE,13,13,75,60,1021.3,1018.4,0,6,15.4,21.6,No,No
18,22.2,1.6,1,0,NW,43,NNE,NNE,11,17,76,72,1008.8,1003.7,7,7,20.1,21.8,Yes,No
17.3,24.6,0,4.4,9.7,NW,72,NW,WNW,20,35,51,35,1006.5,1004.3,1,1,19.8,23.8,No,No
12.6,23.1,0,8,7.5,W,43,WSW,WSW,9,17,51,21,1015.5,1012.2,1,6,15.3,21.3,No,No
13.7,24.5,0,6,9.1,W,46,NNW,WNW,15,22,52,35,1014.7,1013.9,2,6,17.5,23.3,No,No
13.9,25.9,0,4,10,WSW,30,WNW,WNW,13,11,60,32,1021.8,1019.6,1,1,17.3,25.6,No,No
12.4,26.6,0,7.2,10.2,W,28,WNW,ENE,19,15,62,50,1023.7,1019.9,0,0,14.7,22.3,No,No
13.2,24.4,0,2.2,5.2,W,30,W,N,20,9,42,41,1017.4,1013.7,6,5,17.8,22.4,No,No
13.6,22.9,0,3.2,9.1,ENE,28,W,NE,17,15,66,59,1021.4,1017.7,1,1,16.4,22.4,No,No
16.3,28.2,0,4.8,8.9,WSW,31,WNW,WNW,7,15,55,26,1017,1014.3,2,1,18.3,27.7,No,No
12.7,21.9,0,6.6,3,WSW,39,W,N,17,11,49,34,1018.8,1015.2,7,7,14.6,21.4,No,No
11.9,23.2,0,4,9.9,W,37,WNW,WNW,9,17,54,29,1017.9,1013.4,0,1,14.5,23,No,No
13.6,21.5,0,3.4,4.4,W,24,W,E,13,9,72,56,1027.3,1024,6,7,15.5,20.8,No,No
14.5,22,0,2,9.1,NNE,24,W,E,13,9,82,66,1024.4,1020.2,1,4,16,21.8,No,No
15.2,26.8,0,4,9.2,WSW,61,NW,SSW,9,22,53,32,1013.9,1012.4,3,1,21.5,23.8,No,No
12.1,22.3,0,7.6,9.9,W,44,W,WSW,17,19,50,21,1018.1,1013.6,1,2,14.1,20.8,No,No
10.4,21.2,0,3.2,8.7,W,33,W,E,22,6,54,29,1017.8,1013.5,4,7,12.9,20.8,No,No
12.9,20.2,0.2,4.6,4.8,NW,48,NNW,NW,22,24,52,48,1006.9,1000.4,7,2,15,19.9,No,No
12.8,18.6,0.2,4,9.9,W,61,W,W,17,37,42,27,1003.5,1001.7,1,1,14,17.9,No,No
9.2,19.3,2.2,1.6,9.8,W,37,W,W,17,15,59,29,1017.2,1016.5,1,1,11,18.7,Yes,No
7.3,19.9,0.2,2.6,9.5,W,39,W,WSW,24,9,62,30,1025.5,1024.1,1,1,9.5,19.1,No,No
10.9,17.9,29.4,0.6,1.4,W,24,W,ENE,15,7,89,74,1029.1,1026.6,7,7,13.1,16,Yes,No
13.7,18.4,68.4,12.6,2.2,W,59,W,WSW,28,28,59,43,999.8,998.4,7,7,14.9,17.9,Yes,No
11.3,19.9,0,5.2,3.6,WNW,44,NNW,WNW,20,20,59,40,1004.1,1002.7,4,7,13.8,17.9,No,No
10.9,20.7,0,1.8,9.3,WNW,31,WNW,WNW,15,15,65,40,1011.4,1009.2,1,1,13.8,20.2,No,No
13.8,22,0.2,4.8,6,NW,59,NNW,WNW,31,17,62,32,1006.8,1005.9,7,1,17.4,21.6,No,No
13.1,21.4,0.2,6.2,9.1,W,35,WNW,WNW,15,7,64,41,1017.4,1016.8,1,1,15.3,20.8,No,No
10.1,19.8,0,3.2,8.7,WSW,54,W,W,24,19,53,34,1022.5,1020.7,1,5,13.4,19.3,No,No
7.9,18.1,0,5.4,8.3,SW,33,W,S,22,7,62,34,1036.2,1034.9,4,1,9.4,17.6,No,No
8.5,20.3,0,1,6.5,W,30,W,E,20,9,65,51,1039,1035.5,5,1,10.3,17.7,No,No
9.1,20.5,0,3.4,8.2,WNW,26,WNW,E,17,9,72,45,1033.4,1029.8,5,3,10.6,19.2,No,No
10.2,22.2,0,2.2,9.6,NNW,30,W,N,13,11,81,42,1025.5,1019.3,1,1,12.9,21.2,No,No
14.7,21.1,5,3.6,3.4,SSW,31,E,ESE,6,4,90,64,1017.4,1015.4,7,6,15.4,20.7,Yes,No
15,20.4,38.8,2.2,3.5,NNW,52,NNW,NW,9,22,76,52,999.5,994.2,6,6,16.2,17.9,Yes,No
14.9,18.4,0,6,5.5,NW,59,NW,WNW,22,28,56,38,1003.3,1002,7,4,15.8,17.8,No,No
12.8,19.7,0,4.4,9,W,50,NW,W,17,28,60,34,1004.8,1005,2,1,15,19.3,No,No
9.4,18.5,0,5,8.2,NNW,35,NNW,NNW,7,24,58,43,1012.6,1007.4,7,4,12.8,17.4,No,No
12.7,16.3,0,3.8,6.5,W,69,WNW,W,13,43,52,33,1003.8,1003.2,5,3,15.8,14.4,No,No
7.3,15.1,0.6,5.4,9.6,W,54,W,S,28,17,49,31,1018.1,1018.1,1,1,8.4,14.3,No,No
5.6,15.3,0,3.6,5.2,W,39,W,W,20,7,61,45,1021.1,1017,6,7,7.4,13.7,No,No
7.7,17.3,2.4,1.4,8.9,WSW,46,W,SSW,31,13,57,36,1022.9,1023.1,1,1,9.6,16.9,Yes,No
6.7,18.8,0.2,4,9.6,W,31,W,N,22,4,66,33,1028.4,1025.4,1,1,8.8,18.6,No,No
8.2,18.2,0,2.8,9.5,W,37,W,W,24,17,62,36,1025.5,1023.2,1,1,10.1,17.8,No,No
6.5,18.1,0,3.6,9.5,W,24,W,ENE,17,13,72,42,1026.6,1022.6,1,0,9.2,16.5,No,No
7.5,18.8,4.8,0.6,5.8,NW,46,W,NW,11,17,90,55,1011.9,1006.1,8,2,9.6,17.7,Yes,No
8.7,18,2.2,0.6,5.2,SW,30,WNW,S,20,13,88,64,1023.5,1022.4,3,5,10.5,16.4,Yes,No
10.5,17.9,1,1.8,7.3,W,30,WNW,E,13,15,90,69,1025.1,1021.3,3,3,11.9,16.7,No,No
11.8,18.6,0,3.2,0.3,NW,69,N,N,20,39,63,54,1015.2,1009.7,7,7,15.5,18.3,No,No
14.8,20.2,0.2,1.2,7.8,NW,54,WNW,NW,15,33,41,26,1010.3,1007.1,6,7,16.6,18.7,No,No
9.6,14,0,8,9.8,W,72,WNW,WSW,37,37,40,26,1017.3,1019.8,3,7,10.5,13.3,No,No
6.7,17,0,5.2,9.6,WSW,50,W,W,30,20,54,27,1029.4,1025.9,7,2,8.6,16.4,No,No
6.4,17.7,0,3,9.5,W,31,W,E,22,4,60,35,1030.3,1027.3,1,2,8.8,16.9,No,No
6.9,18.9,0,1.8,4.7,W,28,W,SSE,19,15,71,65,1033.3,1030.2,2,7,9.3,17.1,No,No
9.2,18.8,0.8,1.8,3.2,WNW,24,W,ESE,13,2,91,73,1031.2,1027.1,7,7,13.3,17.8,No,No
11,24.2,0,1.2,8.9,WNW,30,W,WNW,9,15,92,45,1024.6,1019.8,1,0,11.5,23.9,No,No
13.9,19.3,20.4,1.8,2.6,W,31,W,NW,15,2,92,79,1019.9,1016.1,7,5,14.6,17.6,Yes,No
14.5,17.4,6,7.6,10,WNW,69,WNW,W,44,43,35,31,1004.3,1003.8,1,1,14.5,17,Yes,No
7.8,14.3,0,4,5.4,WSW,46,W,NW,22,15,50,39,1015.8,1012.1,7,2,8.7,13.6,No,No
8.4,17.9,0,4,9.9,W,44,NNW,WNW,19,24,50,31,1012.7,1011.3,1,1,12.2,17.1,No,No
10.2,17.9,0,4.8,9.9,WNW,39,N,E,6,9,52,47,1014.7,1012.8,1,1,14,17.7,No,No
10.8,18.6,0,5.4,10.1,W,63,NW,WSW,19,26,53,32,1012.2,1013.3,2,3,14.7,18.5,No,No
8.8,19.4,0,4,10.1,WSW,48,W,WNW,19,11,57,34,1024.3,1020.5,1,0,11.1,19,No,No
7.3,18.5,0,4,10.1,WSW,50,W,WNW,24,11,61,34,1023,1018,1,2,9.8,17.6,No,No
8.7,19.8,0,4.2,10,W,33,W,ESE,26,9,63,50,1023.3,1020.2,1,3,10.4,17.9,No,No
10.4,20.9,0,2.8,3.2,W,24,W,WNW,15,7,75,37,1018,1015.3,7,2,11.9,20.5,No,No
10.9,18.4,0,2.2,0.7,W,22,WNW,W,6,6,66,54,1017.2,1013,6,8,13.3,17,No,No
9.2,15.5,1.8,2.6,2.2,SSE,31,W,SE,17,7,78,71,1029,1026.8,7,7,10.8,14.7,Yes,No
10.3,16.4,0.6,0.6,2.6,W,33,W,ESE,15,7,80,64,1027.4,1024.7,7,6,12.4,15.9,No,No
8.7,19.7,0,2.6,10.8,W,28,WNW,E,22,11,75,52,1026.4,1022.9,1,1,11,17.9,No,No
8.1,19.1,0,2,6.9,NNE,28,W,NE,17,11,73,52,1023.1,1017.9,5,7,11,18.8,No,No
10.9,25.2,0,4.8,9.2,NW,44,NNW,NNW,17,24,52,33,1015.6,1011.4,3,3,17.6,24.6,No,No
11.2,20.3,0,6.2,10.6,W,46,W,WSW,17,22,48,30,1018.4,1017,1,1,14,19.6,No,No
7.1,19.4,0,6.4,8.6,NW,41,WNW,E,20,13,56,37,1024.4,1019.8,0,7,9.7,17.3,No,No
8.3,20.3,0,3.2,10.6,W,41,W,WSW,24,19,49,31,1022.5,1020.2,1,2,12.4,19.8,No,No
9.5,20,0,5.4,10.5,W,28,W,SE,20,13,52,46,1027.7,1027.2,1,1,14.2,17.6,No,No
8.9,19.6,0,3.2,10.1,NE,30,WNW,NE,17,17,72,54,1032.7,1029.7,1,1,12,19.2,No,No
9.8,20.3,0,4,10.5,ENE,24,W,ENE,13,19,75,59,1031,1025.8,0,0,12.8,19.6,No,No
10.6,24.2,0,3.8,10.2,ENE,24,W,ENE,15,11,63,35,1026.3,1022.1,1,6,14.2,22.7,No,No
11.6,22.9,0,4.6,10.5,N,31,W,ENE,15,19,62,40,1024.5,1020.7,1,1,14.2,20.7,No,No
11,17.9,0.4,6.6,10.7,WSW,59,W,WSW,19,22,51,35,1015.3,1013.8,1,3,13.2,15.7,No,No
8.2,20.4,0,5.2,10.7,W,39,W,WNW,24,9,48,32,1019.8,1016.4,1,1,12.5,19.9,No,No
9,17.3,52.8,5.2,6.7,W,48,SW,S,22,15,67,48,1010.2,1010.6,7,3,11.4,15.7,Yes,No
7.4,19.9,1.4,2.8,10.7,W,33,W,ENE,24,15,57,45,1023.6,1020.3,1,1,11.3,17.7,Yes,No
8.4,20.5,0,3.8,10.7,W,33,W,ESE,22,17,50,36,1022.9,1020.9,1,2,12.2,18,No,No
8.4,19.6,0,4,6.1,W,22,W,W,17,9,57,38,1027.4,1025,7,7,12.9,18.1,No,No
10.7,19.9,0,3.2,4.4,NNE,31,W,ENE,17,15,71,62,1026.9,1023.1,7,6,13.8,19.6,No,No
15.4,20.5,23.4,2.2,9.1,WNW,65,WNW,WNW,33,30,50,39,998.3,1004.3,4,5,17.6,20.1,Yes,No
10.1,21.3,0,5.6,10.9,WSW,39,WNW,ESE,11,15,48,33,1021.6,1022,1,1,15.5,19.2,No,No
10,21.2,0,3.4,11.1,ENE,26,W,ENE,20,19,55,54,1030.4,1027.1,0,0,14.1,19,No,No
10,20.5,0,5,10.8,E,24,WNW,ENE,13,19,66,58,1030.4,1026.3,0,0,15,20.2,No,No
12.2,22,0,3.2,8.2,NE,30,WNW,E,13,17,82,55,1031.7,1029.3,6,3,16,21,No,No
15.4,21.2,0,3.8,7.1,NE,41,N,NE,9,24,69,67,1029.7,1024.8,7,5,18.7,20.1,No,No
14.1,22.7,1.2,7.4,9.3,NNE,57,NNW,W,26,31,54,31,1012.7,1010.9,2,7,17.9,21.8,Yes,No
13,21,0,6.2,8.7,W,33,WSW,ESE,17,17,44,53,1019,1017.1,1,6,16.8,17.6,No,No
12.4,20.9,0,4.2,9.7,W,28,W,E,20,19,47,53,1021.5,1018.5,3,3,16.6,18.3,No,No
16,24.6,5.8,1.8,3.9,NNW,37,NNW,N,6,19,86,55,1014.1,1008.4,8,7,17.4,23.1,Yes,No
13.5,22.5,0,6.8,8.5,W,43,W,W,19,28,55,29,1016.5,1015.5,6,3,16.9,21.7,No,No
10.7,22.4,0,5.4,8.8,NNE,37,W,NE,6,19,52,44,1022,1018,1,7,17.5,19.2,No,No
13.1,21.4,13.4,1,10.1,W,59,W,W,30,28,53,38,1008.5,1008.7,1,1,17.7,20.6,Yes,No
10,20.6,0,6.4,8.7,WSW,28,WNW,NE,17,17,48,47,1018.9,1016,7,7,15.1,18.5,No,No
13.5,20.1,2,4,4.1,WSW,56,W,W,20,24,54,63,1006.9,1005.9,3,7,18.4,17,Yes,No
15.2,22,0.6,3,8.2,SSW,61,WSW,SSW,17,24,55,48,1011.7,1010.7,6,2,17.3,21.5,No,No
12,21.8,4,4.2,10.1,WSW,41,WSW,E,20,19,41,44,1013,1009,1,1,16.5,18.9,Yes,No
10.9,23.2,0,6.2,9.7,WSW,61,N,WSW,20,26,37,22,1009.7,1006.8,2,2,18.6,20.6,No,No
14.2,22.8,1.4,5.4,4.2,NW,56,NNE,N,11,22,76,50,1000.5,994,8,2,14.8,22.3,Yes,No
12.3,20.1,0.4,7.2,8.6,NNW,67,NNW,NW,28,39,42,40,999.1,998.3,6,3,16.1,17.3,No,No
12.5,24.7,0,8,11.1,NE,41,NW,ENE,7,20,44,45,1012.9,1008.3,0,0,18.4,22.7,No,No
18.4,25.6,0,9,8.3,WSW,72,NNE,WNW,15,31,41,14,999.4,997.8,7,7,21.5,22.9,No,No
12.7,23.4,0,10.2,11.1,W,70,NW,W,17,43,34,25,1007.8,1003.7,1,1,17.5,23,No,No
11.7,23.7,0,11,11,SW,57,W,WSW,30,26,34,16,1016.4,1013.2,0,1,14.7,22.9,No,No
13,27.8,0,7.6,11.1,WSW,48,W,WSW,7,30,34,20,1019.1,1017,4,8,19.9,27.2,No,No
16,31,0,8.6,9.3,WNW,37,W,W,9,22,40,16,1021,1015.6,7,5,22.5,30.8,No,No
20.1,22.2,0.2,10,7.4,SSE,54,S,SSE,28,30,63,50,1016.3,1017.6,6,5,21,20.1,No,No
13.8,25.5,0,7.4,8.4,NE,52,W,NE,11,24,51,40,1022.9,1018.1,7,7,17.5,20.3,No,No
12.3,21.3,3.8,10.2,11.4,WSW,61,WSW,SE,35,9,33,26,1013.2,1012.9,1,3,14.9,20.1,Yes,No
11.8,18.3,4.4,7.4,7.9,SSW,57,SSW,S,26,24,56,57,1021.2,1022.4,2,7,15.9,15.6,Yes,No
9,21.3,0.2,8.2,11.6,W,30,WNW,E,17,19,50,37,1025.9,1023.2,1,1,15.1,19.4,No,No
11.1,23.9,0,5.6,12.2,NNE,50,W,NE,11,26,57,36,1023.1,1017.5,0,0,15.9,23,No,No
15.9,29,0,10,11,NNE,56,N,NE,22,28,31,37,1014.9,1008.7,0,1,23.1,25.4,No,No
11.5,25.8,3,3,12.2,W,48,NNW,WNW,19,26,39,23,1014.5,1010.8,1,3,18.3,25.5,Yes,No
16.2,24.5,0.2,11,11.1,W,50,WSW,NW,24,6,30,20,1017.9,1017,3,2,19.1,22.9,No,No
16.4,21.6,0,8,10.3,NNE,44,ENE,NE,19,26,47,47,1024.4,1021.4,6,5,19,20.4,No,No
16.1,18,11.8,8.4,4.1,WSW,57,SE,S,15,22,84,69,1010,1010.1,7,7,17,16.4,Yes,No
10.2,19.8,0.6,4.8,10.4,SSW,59,W,S,22,28,53,42,1018.3,1017.7,7,2,13.1,17.5,No,No
10.2,21.5,0.8,5.8,12.4,ESE,37,W,SSE,15,22,45,33,1019.6,1016.7,1,1,15,19.8,No,No
11.4,23.3,0,6.8,12.3,ENE,37,W,NE,13,22,56,46,1018.9,1014.4,7,1,17.6,22.8,No,No
14.3,27,0,7.8,8.5,ENE,26,W,E,11,20,52,34,1016.6,1013,7,7,18.7,25.8,No,No
15.3,24.3,3.2,1.6,7.9,NE,41,W,NE,13,20,86,66,1020.1,1017.7,6,5,18.3,22,Yes,No
16.1,23.3,1.6,6.6,12.9,NNW,52,SSW,E,28,20,24,28,1011,1010.8,1,1,18.3,21.7,Yes,No
12.1,24.5,0,10.6,12.1,W,33,W,E,17,20,31,37,1014.4,1010,4,1,16.8,20.9,No,No
13,24.1,0,7.2,12.8,W,39,WSW,E,20,20,34,32,1014.6,1013,1,1,19.1,21.6,No,No
13.6,25.2,0,7.4,12.2,E,37,WNW,ENE,11,26,57,50,1018.9,1014.8,1,1,19.7,23.7,No,No
15.3,30.6,0,8.4,12.8,NE,35,W,NE,11,20,58,33,1014.8,1009.2,2,1,21,27.1,No,No
21,25.7,0,13.4,12.4,W,76,SW,WSW,20,28,21,16,1002.9,1006.2,1,1,25.7,24.9,No,No
15.7,26,0,14.4,12.3,W,57,WSW,ESE,22,26,25,27,1009.1,1007.8,1,7,19.6,23.2,No,No
14.8,28.1,0,7.6,12.4,NE,44,W,NE,13,24,34,46,1011.1,1006.4,2,1,22.6,25.5,No,No
16.9,24.6,10.2,2.8,10.7,E,28,W,E,7,19,71,62,1009.4,1007,6,2,20,23.4,Yes,No
18.4,32.5,9,7.6,9.1,N,48,NNW,E,15,22,72,59,1002.5,996.9,7,3,22.1,26.4,Yes,No
18.9,30.3,0,8,13,W,72,NNW,W,4,41,29,21,998.6,995.4,1,1,24.9,28,No,No
17.4,24.4,0,15.8,7,WSW,56,W,SSE,33,28,40,52,1002,1004.5,3,7,20.5,20.3,No,No
15.4,23.2,0.6,5.8,9.4,S,39,S,ESE,13,19,61,45,1016.1,1015,7,3,17.9,20.5,No,No
14.3,25.2,0,5.2,12.7,ESE,39,WNW,ESE,13,22,54,52,1020,1021.3,0,3,19.9,22,No,No
17.3,23.9,0,7.4,12.8,NNE,43,ESE,E,4,28,57,53,1025.6,1021.9,4,1,21.1,23.1,No,No
16.4,31.4,0,9.2,12.1,NNE,37,W,NE,13,11,52,36,1017.4,1013.5,1,2,23,30,No,No
19.3,24.8,0,8.6,3.7,SSE,44,SSE,SE,30,20,67,58,1018.3,1018.4,7,7,21.7,22.1,No,No
19.1,25.1,0,6,8.5,E,33,E,E,13,26,58,55,1021.3,1018.2,4,7,22.3,23.2,No,No
19.7,28.4,0,7.4,6,E,35,E,ENE,11,17,67,64,1018.4,1015.1,6,5,24.6,25.5,No,No
21,31,0,8,9.7,NE,46,E,ENE,15,24,51,54,1014.8,1012.1,1,3,26.6,26.2,No,No
13.5,23.4,5.4,6.6,13.1,SSE,52,WSW,SE,22,26,42,39,1013,1011.8,1,1,18.3,21.8,Yes,No
14.7,25.5,0,8.8,13.1,ESE,37,W,ESE,20,22,33,46,1012.8,1012.5,4,2,20.6,23.4,No,No
18.1,24.4,0,8,12.3,NE,46,ENE,NE,7,24,55,53,1017.4,1013.7,3,1,22.3,23.9,No,No
19.6,23.5,0,9.8,1.7,SE,35,SE,ESE,19,22,71,66,1017.8,1016.9,7,7,20.5,21.6,No,No
20.3,26.1,0,6,8.1,NE,37,NE,E,15,28,71,63,1015,1010.4,6,1,22.8,25.5,No,No
19.3,25.3,0,7.8,7,SE,44,S,SE,22,20,65,57,1011.8,1010.8,7,6,22.4,24.1,No,No
18.2,25.2,0,6.4,4.4,NE,50,ESE,E,6,31,61,57,1012.4,1008.8,7,2,22.4,24.2,No,No
18.1,28.5,0,7.4,8.1,ENE,37,W,ENE,9,19,68,51,1008,1005.3,7,7,21.2,25.4,No,No
18.7,35.7,0.2,6,9.8,SSW,57,WNW,ESE,13,17,44,24,1008.4,1007.7,3,5,25.6,30.9,No,No
21,26.8,0,11.2,9.7,S,41,SSE,ESE,11,19,64,55,1016,1015,7,5,22.6,23.8,No,No
19.7,26.9,0,8,9.3,NE,39,E,E,6,26,64,60,1016,1013.1,7,7,23,25.1,No,No
18.6,25.1,7.8,1.4,9.3,SSW,37,SE,E,15,24,86,56,1015.2,1014.4,5,4,20.7,24.4,Yes,No
20.2,27.9,0.2,8,12.2,NNE,56,NNE,NE,9,26,60,61,1008.7,999.4,1,2,24.6,26.9,No,No
18.1,27.8,0.4,13.6,13.4,W,72,W,WSW,44,31,35,14,1007.9,1009.9,1,1,20.2,26.4,No,No
16.9,23.7,0,9,9.8,E,39,SSE,ENE,11,26,54,52,1022.5,1020.5,3,2,20.8,22.1,No,No
20,26.3,0,9,11.4,E,41,NE,E,13,28,57,56,1022.2,1020.4,3,1,23.6,24.3,No,No
20.9,27.6,0,10.6,12.4,NE,52,NE,ENE,15,19,59,53,1022.6,1018.1,6,1,23.8,25.5,No,No
20.7,37.8,0,10.2,11.4,NNE,44,ESE,NE,9,15,49,36,1015.5,1011.1,3,5,27.5,31.1,No,No
18.5,33.7,10.4,1.4,12.7,S,70,NW,WNW,2,19,67,27,1007.4,1005.2,3,4,25.4,32.4,Yes,No
18.3,21.3,0,10,0.7,SSE,57,SE,SE,15,22,61,55,1018.8,1020,8,8,19.8,19.9,No,No
17.7,22.9,0,7.8,7.1,NE,44,ENE,NE,13,24,49,47,1021,1017.5,6,3,20.8,21.4,No,No
16.7,27.1,0,7,12,SSW,48,E,ESE,4,20,52,52,1010.4,1005.3,2,3,22.8,26.9,No,No
18.6,26.7,0,10,10.4,S,52,S,ESE,15,28,64,50,1012.3,1012.2,3,2,22.8,25,No,No
20.3,24.3,0,9.2,3.7,ENE,35,E,ENE,17,20,60,52,1019.4,1018.1,8,5,21.1,23,No,No
20.8,24.4,0,7.6,7.9,ENE,48,NE,NE,20,28,56,56,1019.3,1016.6,5,2,23,23.8,No,No
19.1,27.4,1.6,4.6,12.8,NE,48,ESE,NE,4,26,64,55,1017.1,1015.5,3,3,23.9,26.8,Yes,No
20.9,29.3,0,11.2,10.9,NE,52,E,NE,13,30,59,51,1014.7,1011.4,1,1,25.8,27.9,No,No
21.8,29.6,0,11.2,6,NE,43,S,ESE,17,19,66,60,1014.5,1013.3,7,7,25.7,27.5,No,No
21.1,28.9,0,7.8,9.4,NNE,61,E,NNE,15,24,63,48,1013,1009.7,6,6,24.9,27.5,No,No
22.6,36.6,0,10.4,4.8,E,28,W,ENE,15,22,49,30,1007.2,1004.4,7,6,28.1,31.8,No,No
23.9,33.3,0,9.2,0.5,NNE,30,W,ENE,9,20,58,34,1003.6,1001.7,8,7,27.3,32.1,No,No
24.1,30,0,8.2,4.8,SE,37,SSE,SE,17,24,57,62,1003.7,1003.4,6,7,27.7,26.4,No,No
18.6,26.5,0,11,12.3,NE,41,W,ENE,9,28,61,48,1016.4,1013.6,6,4,22.3,25.4,No,No
18.1,25.3,0,6.8,3.3,E,31,S,SE,6,19,68,57,1013.4,1012.5,7,7,21.1,23.8,No,No
16.9,22.3,36.4,2,7.6,SSW,65,SSW,SSW,35,39,85,78,1014.1,1015.8,7,7,18.2,19.4,Yes,No
18.7,26,0,7,8.6,E,35,WNW,ENE,7,26,69,49,1021.9,1018.6,5,6,21.1,25.3,No,No
19.1,28.8,0,8,12.2,NE,50,NNW,NE,13,30,64,49,1020.3,1017.2,3,1,24,27.7,No,No
21.1,34.6,0,9,12.1,NNE,43,NNW,NE,13,30,65,44,1013.2,1008.7,1,1,25.9,33.2,No,No
23.7,33.6,0,10.6,4.4,S,70,NNW,S,13,37,51,84,1010.2,1012.4,6,7,29,23.8,No,No
21.1,31.1,0,6,11,NNE,46,ESE,ENE,4,28,67,58,1019.6,1015.9,3,1,23.6,27.2,No,No
14.4,22.9,7,6,7.2,SSW,52,SSE,SSE,19,24,65,49,1027,1026.3,7,5,19.4,22.2,Yes,No
16.3,25.1,0.4,5.6,11.8,S,37,S,SE,24,20,74,48,1025.2,1022.8,6,4,20.6,24,No,No
17.2,27.6,0,7,13.5,ENE,39,S,ENE,9,24,68,50,1020.6,1017.5,2,2,21.4,25.5,No,No
19.1,33.3,0,8,13,NE,44,NW,NE,17,24,62,39,1017.3,1012.8,3,3,24.5,32.2,No,No
22.2,40.3,0,11.8,10,S,56,WNW,NE,9,26,37,27,1012.4,1009.3,1,6,29.1,36.3,No,No
22.5,24.7,22.6,3.4,9.5,SSW,52,S,SSW,31,39,85,73,1006.9,1008.7,3,6,23.7,23.5,Yes,No
20.2,25.3,1,6.6,0.6,SW,37,SW,SSE,17,17,82,66,1013.5,1012.1,8,7,21.2,23.6,No,No
21.6,29.4,3.6,5.6,6.7,NE,41,N,ENE,19,19,69,60,1008,1004.4,7,7,25,28.5,Yes,No
18.8,31.8,23.8,5.8,10,N,43,NW,WNW,13,22,79,22,1004.3,1003.4,1,5,23.2,30.1,Yes,No
16.4,26.1,2.2,5,12.9,W,35,W,SE,17,20,58,53,1006.4,1004.1,2,3,21.4,25.4,Yes,No
19.8,23.9,1.6,9.6,6.8,S,61,S,S,35,37,66,64,1017.4,1017.8,6,5,21.3,23.2,Yes,No
19.8,26.7,0.8,8.8,8.1,S,46,S,SE,20,26,86,50,1018.2,1017,7,3,21.1,25.2,No,No
20.4,26.5,0.4,7.2,10.1,SSW,41,SSE,SE,15,22,63,59,1018,1016.6,5,3,23.7,25.7,No,No
19.4,27.1,0,4.6,12.6,SE,30,SW,SE,11,20,78,60,1019.1,1018,2,1,22.8,26.7,No,No
21.5,26.7,0.4,9.8,10.3,SSW,52,S,SSE,31,24,76,57,1020.8,1019.7,6,1,22.9,25.1,No,No
20.4,30,0,7.6,12.7,NNE,48,WNW,NE,11,31,62,42,1016.6,1012.6,2,1,25.1,28.8,No,No
20.4,27.9,0,10.4,9.6,E,35,SW,E,11,24,72,56,1015.7,1014.1,3,7,24.2,26.9,No,No
21.5,29.2,0,6.4,12,ENE,41,WNW,NE,9,30,67,55,1017,1014.8,2,1,25.2,27.9,No,No
22.4,30.6,0,8.8,12.1,NNE,52,N,NE,17,31,59,49,1014.5,1011,1,1,25.9,29.7,No,No
21.4,36.9,0,9.6,10.4,S,52,N,S,13,35,58,82,1008.4,1005.8,1,5,26.4,25.5,No,No
22.4,27.3,0,8,6.9,SSW,35,SSW,SSE,15,22,81,67,1011.8,1007.7,7,3,23.8,26.9,No,No
21.1,26.5,0,7,10.8,SSE,48,SW,SSE,22,35,52,55,1009.1,1008.9,1,2,24.1,25.3,No,No
18.9,24,0,8.8,10.4,SSW,52,SSW,SSE,28,24,66,49,1011.4,1008.7,3,1,20,22.4,No,No
17.9,26.7,0,8,11.7,E,33,SW,SE,15,20,71,49,1010,1008.7,3,1,21.8,25.7,No,No
21.5,31.9,0,8,11.1,NNE,43,NNW,NE,15,28,66,54,1012.3,1009.5,4,1,25.5,30.6,No,No
20.6,26.7,26.8,8.2,4.8,S,46,S,S,30,24,91,78,1025.2,1024.6,6,4,21.7,25.3,Yes,No
21.5,31.1,0,3.8,11.6,NE,41,NW,ENE,9,28,74,56,1025.3,1021.7,1,6,24.9,28.7,No,No
22.3,31.1,0,9.4,12.4,NNE,48,NW,NE,11,26,58,46,1021.2,1017.3,1,1,26.7,30.6,No,No
22.1,32,0,11,12.3,NE,57,N,NE,20,24,57,47,1015.9,1012.7,0,1,26.9,31.1,No,No
22.5,37.8,0,8.4,12.2,NNE,48,N,NE,13,20,64,36,1012.3,1008.8,0,0,26.7,36.3,No,No
23.2,27.5,0,12.2,5.2,S,78,SSW,SSE,44,24,77,71,1015,1015.5,1,7,24,25.4,No,No
22.2,28.5,0,6,10,ESE,35,ESE,ESE,15,24,62,49,1019.3,1019,7,5,25.1,26.5,No,No
20.7,27.9,0,8,10.1,E,33,WSW,E,13,22,66,48,1018.8,1017.1,1,1,23.7,27.2,No,No
21,24.9,0,11.2,5.7,S,39,S,S,24,30,85,78,1021.3,1020.7,7,5,22.6,23.8,No,No
21.3,30.2,0,4.2,7.7,NE,39,SSW,NNE,9,28,83,38,1022,1019.6,4,1,22.9,29.9,No,No
20.9,30.6,0,7.8,10.7,NNE,54,N,NE,17,31,60,49,1021.1,1018.6,7,7,25.1,28.7,No,No
22.8,31,0,8.2,10.2,NE,57,NNE,NE,19,37,70,51,1021.2,1019.2,3,4,25.3,30.1,No,No
23.4,30.4,0,9.6,10.1,NE,48,NNW,NE,15,35,72,49,1022,1020,7,2,25.1,28.3,No,No
20,30,0,9.2,10.6,NE,48,NNE,NE,22,37,62,43,1021.6,1019.1,1,1,25.2,28.9,No,No
19.6,29.9,0,9.8,10.5,NE,54,NNE,NE,17,35,63,50,1022.9,1021,2,1,25.2,28.2,No,No
23,29.8,0,8.8,10.8,ENE,41,NNE,ENE,24,30,61,52,1023.3,1022.4,1,3,26.3,27.8,No,No
22,31.7,0,9.2,10.1,NE,56,N,NE,17,30,65,53,1021.5,1017.6,4,4,26.7,29.6,No,No
21.7,25.3,0,8,6.5,S,46,S,S,9,28,91,84,1019.7,1019,7,7,22.9,24.2,No,No
22.6,29.5,0,5.8,2.3,NNE,41,NE,NE,9,28,79,59,1020.2,1017.9,8,7,24.2,28.7,No,No
21.8,30.9,0,4.6,10.7,NE,52,NW,ENE,9,30,72,53,1019.5,1017.6,1,2,26.2,29.3,No,No
23.2,29.6,0,9,7.7,NE,39,NNE,ENE,19,31,61,50,1020.5,1017.7,4,7,26.4,28.5,No,No
19.5,27,9.8,5.2,7.5,ENE,33,NNE,ENE,9,24,81,60,1017,1012.7,7,4,22.8,25,Yes,No
20.1,29.1,0,5.6,4.4,N,54,N,N,17,35,67,63,1003.4,996.8,7,7,24.1,27.4,No,No
15.2,21.6,1,5.4,11,W,48,W,S,19,28,40,47,1010.9,1011.4,1,1,18.6,20.9,No,No
14.7,25,2,4.2,9.5,WSW,30,WNW,SE,11,17,69,49,1018.2,1016.8,1,3,18.6,23.5,Yes,No
16.7,29.4,0,5.2,9.3,ENE,35,NW,ENE,11,24,65,28,1020.7,1018.7,6,3,20.3,27.9,No,No
19.9,25.4,0,6.8,0.3,S,44,NW,NW,13,13,69,57,1018.7,1016.1,7,7,21.5,24.1,No,No
17.5,26.3,0,3,10.2,E,31,WNW,E,9,15,74,56,1018.6,1015.9,2,2,20.6,25.4,No,No
19.3,24.4,29.2,5.8,4.1,E,43,S,SSE,28,22,89,73,1018.9,1015.6,6,6,20.3,23.9,Yes,No
18.9,27.8,6.6,1.4,7.5,WSW,41,W,SW,13,22,76,37,1015,1011.9,1,6,21,25.9,Yes,No
16.9,23,0,6.8,10.6,S,56,W,S,22,31,50,60,1017,1016.3,1,2,20,21.8,No,No
17,27.1,0,5.4,10.2,NE,43,NW,NE,13,28,68,48,1019.1,1014.9,3,1,20.3,26.8,No,No
17.7,30.4,0,6.8,10.3,SSE,43,WNW,W,15,24,51,18,1016.3,1014.6,7,3,21.8,29.6,No,No
18.1,27.3,2.2,3,10.4,NNE,63,N,NNE,13,33,63,55,1019.9,1014.8,1,3,24.1,26.7,Yes,No
19.3,34.7,0,6.8,10.6,NE,52,N,NE,13,31,56,43,1015.7,1011,1,1,25.6,30.8,No,No
19.6,20.5,0,8.4,0,S,54,SSE,SSE,31,22,61,57,1023.1,1022.3,8,7,19.7,20.2,No,No
17.9,21.7,0,4,0,NW,24,W,SSE,13,7,69,71,1023.6,1021.3,8,8,18.9,20.4,No,No
16.2,23.2,0.2,1.2,9.5,S,30,NW,SSE,13,17,64,58,1021.9,1018.8,2,7,20.5,22.6,No,No
15.8,28,0,3.8,9.6,ENE,31,W,NE,11,26,59,44,1019.6,1015.2,5,3,20.6,24.7,No,No
17.8,21.5,7.6,5.6,5.7,SSW,41,SE,S,19,28,72,71,1023,1021.8,7,5,20,20.1,Yes,No
16.2,23.5,0.8,4.2,8.3,SE,35,SSE,SE,15,19,75,62,1027.3,1026.3,6,2,20.2,22.1,No,No
15.7,24.2,0.2,3.4,2.4,NE,41,N,NNE,15,20,84,58,1030.4,1027.4,7,7,19,23.6,No,No
16.6,26.3,0.2,3.4,9.9,NE,39,WNW,NE,11,30,63,48,1026.3,1021.5,6,5,23.2,25.2,No,No
16.8,27.1,0,5,9.3,S,37,NNW,SE,11,13,67,42,1021,1017.7,6,7,21,25.5,No,No
17,22.8,36.2,5,6.9,SSW,35,W,SE,9,19,87,75,1021.6,1020.2,3,7,19.8,21.9,Yes,No
16.8,25,0,3.4,10.3,E,26,NW,E,9,17,73,67,1024.5,1021.9,3,2,21.4,23,No,No
17.5,27,0,3.4,10.5,NNE,31,NW,NE,11,28,71,65,1023,1018.7,2,5,22.7,24.8,No,No
15.7,22,7.4,2.6,9.9,SE,46,SE,SE,26,20,57,50,1029.9,1029.3,5,3,21,20.5,Yes,No
12.6,21.9,0,4.8,10.4,ESE,24,NW,SE,9,15,67,54,1031.9,1029.4,1,1,18.3,21.3,No,No
13.9,23.2,0,2.8,9.6,E,31,NW,ENE,9,22,68,59,1030.8,1027.5,3,3,20.1,22.1,No,No
15.3,25.3,0,2.8,10.7,NNE,41,NW,NNE,11,33,69,54,1028,1023.5,1,2,19.5,23.3,No,No
15.9,27.2,0,5.2,7.7,NE,28,WNW,NNE,13,15,72,46,1024.8,1021.2,7,1,20.5,26.2,No,No
16.1,26.5,0,4.8,4.6,NE,30,NW,NE,11,19,72,61,1022.8,1018.3,4,8,20.1,23.6,No,No
17.2,28.1,2.2,3.4,4.7,NW,56,N,N,30,30,88,48,1012.9,1008.9,7,5,19.8,27,Yes,No
14,23.8,0,4.8,6.1,WSW,31,WNW,ENE,13,15,43,59,1017.2,1012.1,0,7,18.3,20.9,No,No
12.2,26.9,0,3.4,10.4,NNW,41,WNW,WNW,9,28,47,19,1012.6,1006.1,1,0,18.1,25.6,No,No
13.5,24.5,0,4,10.1,ENE,33,NW,NE,11,26,43,47,1020.6,1016.7,1,1,18.1,22,No,No
13.6,25.1,0,3.4,9.9,NW,26,NW,E,17,15,59,40,1019.5,1017.1,4,1,18.3,22.8,No,No
12.2,24.5,0,5.6,8.7,E,26,NW,ENE,13,19,63,62,1021.1,1018.3,0,6,17.2,21.9,No,No
17.9,23.4,1.8,1,0,N,44,NNE,N,11,26,77,72,1008.6,1003.2,7,7,21.1,22.4,Yes,No
17.1,25.2,0.4,4.4,9.7,WNW,70,NW,NW,33,46,41,33,1006.2,1004.1,1,1,20.9,24,No,No
12.9,23.7,0,8,7.5,WSW,50,NW,SW,13,24,37,28,1015.4,1012.2,1,6,17.7,20.5,No,No
13.1,25,0,6,9.1,WNW,46,NNW,W,17,28,43,32,1014.5,1013.8,2,6,18.8,24.3,No,No
13.5,26.1,0,4,10,WNW,39,NW,SSE,19,13,48,40,1021.5,1019.4,1,1,19.9,23.3,No,No
11.9,26.4,0,7.2,10.2,WNW,31,NW,NNE,17,9,53,25,1023.6,1019.6,0,0,16.8,25.3,No,No
12.4,26,0,2.2,5.2,NNW,33,WSW,NNW,7,11,39,30,1017.5,1013.3,6,5,18.5,24.6,No,No
14.4,28.9,0,4.8,8.9,NW,35,N,WSW,11,19,46,20,1016.8,1014.1,2,1,20.7,26.8,No,No
12.8,22.4,0,6.6,3,WSW,50,NW,WNW,15,9,43,30,1018.8,1015,7,7,16,22,No,No
11.8,23.8,0,4,9.9,W,48,NW,W,26,33,44,27,1017.9,1013.1,0,1,16,22,No,No
12,22.6,0,4,9.2,W,39,W,SSE,26,17,49,57,1020.1,1019.3,0,1,18.6,20.4,No,No
13.8,21.2,0,3.4,4.4,NW,20,NNW,ESE,13,11,64,58,1027.1,1023.9,6,7,18,20.4,No,No
13.8,23.7,0,2,9.1,NNE,28,NW,NE,13,15,73,61,1024.3,1020.1,1,4,17.7,22.5,No,No
13.2,28.3,0,4,9.2,WSW,65,WNW,WSW,9,46,84,27,1013.7,1012.6,3,1,16.5,22.8,No,No
11.4,22.3,0,7.6,9.9,WSW,63,NW,WSW,19,26,41,21,1018.2,1013.6,1,2,15.4,21.2,No,No
9.8,21.7,0,3.2,8.7,WSW,35,W,E,22,6,43,22,1017.7,1013.3,4,7,15,21,No,No
12.7,21.8,0.6,4.6,4.8,NW,48,N,NW,19,30,50,41,1006.4,1000.1,7,2,15.7,20.6,No,No
12,18.6,0,4,9.9,W,70,W,W,35,41,35,27,1003.5,1001.9,1,1,15.2,17.2,No,No
7.7,18.9,4.6,1.6,9.8,SW,44,WNW,W,20,15,54,30,1017.1,1016.5,1,1,12.3,18.1,Yes,No
12,16.8,6.2,0.6,1.4,S,39,WSW,SW,13,15,87,87,1028.9,1026.4,7,7,14.7,15.5,Yes,No
11.5,18,0,2.4,8.7,SSW,39,NW,S,13,22,70,70,1026.8,1024.4,2,7,15.8,17,No,No
13.9,18.2,67.8,12.6,2.2,W,56,W,W,31,31,54,43,999.9,998.4,7,7,15.1,17.5,Yes,No
10.6,19.4,0.2,5.2,3.6,W,37,N,SW,17,24,53,61,1003.9,1002.9,4,7,15.2,16.4,No,No
10.6,21.7,0,1.8,9.3,W,43,WNW,WNW,20,24,52,36,1011.2,1009.1,1,1,16.6,21,No,No
15.1,23.1,0.2,4.8,6,WNW,57,N,NW,30,35,61,26,1006.6,1005.7,7,1,18.3,22.6,No,No
12.4,22.4,0.2,6.2,9.1,W,39,SSW,WNW,7,17,64,39,1017.5,1016.7,1,1,15.8,20.7,No,No
10.9,20.3,0,3.2,8.7,W,54,NW,WSW,24,26,46,36,1022.4,1020.8,1,5,15,18.7,No,No
7.2,18.2,0,5.4,8.3,SW,39,NW,S,17,13,57,49,1036.1,1035,4,1,10.1,16.1,No,No
7.4,19.6,0,1,6.5,NW,28,NW,N,19,15,52,45,1038.8,1035.4,5,1,12.2,19.3,No,No
9.1,22.2,0,2.2,9.6,WNW,31,NW,W,11,17,66,36,1035.8,1031.4,1,4,13.8,21.1,No,No
8.9,20.6,0,3.4,8.2,NW,22,NW,NNE,11,15,60,42,1033.2,1029.7,5,3,13,18.9,No,No
9.4,22.5,0,2.2,9.6,N,28,WNW,N,15,13,70,39,1025.5,1019.1,1,1,13.3,21.9,No,No
14.6,20.8,3.8,3.6,3.4,SSW,39,NE,S,13,9,94,78,1017.2,1015.5,7,6,15.6,18.1,Yes,No
15.1,20.9,30.8,2.2,3.5,NW,54,NNW,WNW,9,31,80,42,999.2,993.9,6,6,16.8,19.1,Yes,No
15,19.3,0.2,6,5.5,NW,57,NW,WNW,26,30,43,32,1002.9,1001.9,7,4,17.4,18.1,No,No
12.8,20.9,0,4.4,9,WNW,59,NNW,W,15,37,49,31,1004.7,1005,2,1,17.5,19,No,No
9.6,19.5,0,5,8.2,NNW,35,NNW,NW,17,17,47,36,1012.5,1007.1,7,4,14.7,18.5,No,No
12,17.6,0,3.8,6.5,W,76,NW,WNW,24,56,42,26,1003.8,1003.4,5,3,16.1,14.5,No,No
6.8,13.6,0,5.4,9.6,W,50,W,SSW,35,28,44,38,1018.2,1018.1,1,1,8.8,13.4,No,No
5.4,16.1,0,3.6,5.2,W,41,NW,NW,15,13,56,37,1020.9,1016.9,6,7,8,15.3,No,No
8.7,15.4,2.2,1.4,8.9,WSW,56,WSW,S,31,20,48,54,1022.6,1023.1,1,1,10.9,15,Yes,No
7.3,18.1,0,4,9.6,WSW,35,NW,ESE,17,9,58,41,1028.2,1025.3,1,1,10.6,17,No,No
7.8,18.3,0,2.8,9.5,WSW,41,W,WSW,19,13,53,35,1025.4,1023,1,1,12.3,17.7,No,No
6.1,18,0,3.6,9.5,NW,30,NW,NW,19,11,60,35,1026.5,1022.5,1,0,10.6,17.7,No,No
8.2,19.1,4.2,0.6,5.8,NW,43,NW,NW,15,28,94,51,1011.9,1005.8,8,2,10.4,18.8,Yes,No
10.7,19,2,1.8,7.3,NNE,30,NW,NE,13,15,80,53,1025,1021,3,3,14.1,18.4,Yes,No
13.1,19.6,0,3.2,0.3,NW,65,NNW,NNW,28,39,62,44,1014.9,1009.7,7,7,16,19.3,No,No
11.5,21.4,0,1.2,7.8,WNW,65,NW,NW,20,44,41,12,1009.9,1006.8,6,7,17,19.6,No,No
9.6,14.5,0,8,9.8,WNW,85,WNW,W,46,39,30,23,1017.6,1020.1,3,7,11.3,13.2,No,No
5.7,17.3,0,5.2,9.6,WSW,43,WNW,W,22,15,45,25,1029.5,1025.8,7,2,10.2,17.1,No,No
6.4,17.1,0,3,9.5,W,31,NW,SE,19,13,49,41,1030.3,1027.4,1,2,10.8,15.8,No,No
7,17.4,0,1.8,4.7,SSW,30,NW,S,13,17,64,78,1033.2,1030.2,2,7,10.5,16.1,No,No
10,20.1,0,1.8,3.2,WNW,24,NW,NE,13,15,91,66,1031.2,1026.9,7,7,14.3,19,No,No
9.9,25.3,0,1.2,8.9,NW,37,WNW,WNW,13,24,79,39,1024.4,1019.4,1,0,14.4,24.5,No,No
14.4,19.8,13.2,1.8,2.6,SW,39,WSW,SW,15,7,97,91,1019.7,1016,7,5,15.4,16.6,Yes,No
